mess_datum;stations_id;rs;cp;altitude;latitude;longitude;station_name;state
2016-05-01;554;0;0.00;23;51.8293;6.5365;Bocholt-Liedern (Wasserwerk);Nordrhein-Westfalen
2016-05-02;554;2.6;2.60;23;51.8293;6.5365;Bocholt-Liedern (Wasserwerk);Nordrhein-Westfalen
2016-05-03;554;0;2.60;23;51.8293;6.5365;Bocholt-Liedern (Wasserwerk);Nordrhein-Westfalen
2016-05-04;554;0;2.60;23;51.8293;6.5365;Bocholt-Liedern (Wasserwerk);Nordrhein-Westfalen
2016-05-05;554;0;2.60;23;51.8293;6.5365;Bocholt-Liedern (Wasserwerk);Nordrhein-Westfalen
2016-05-06;554;0;2.60;23;51.8293;6.5365;Bocholt-Liedern (Wasserwerk);Nordrhein-Westfalen
2016-05-07;554;0;2.60;23;51.8293;6.5365;Bocholt-Liedern (Wasserwerk);Nordrhein-Westfalen
2016-05-08;554;0;2.60;23;51.8293;6.5365;Bocholt-Liedern (Wasserwerk);Nordrhein-Westfalen
2016-05-09;554;0;2.60;23;51.8293;6.5365;Bocholt-Liedern (Wasserwerk);Nordrhein-Westfalen
2016-05-10;554;0;2.60;23;51.8293;6.5365;Bocholt-Liedern (Wasserwerk);Nordrhein-Westfalen
2016-05-11;554;0;2.60;23;51.8293;6.5365;Bocholt-Liedern (Wasserwerk);Nordrhein-Westfalen
2016-05-12;554;0;2.60;23;51.8293;6.5365;Bocholt-Liedern (Wasserwerk);Nordrhein-Westfalen
2016-05-13;554;0;2.60;23;51.8293;6.5365;Bocholt-Liedern (Wasserwerk);Nordrhein-Westfalen
2016-05-14;554;2.3;4.90;23;51.8293;6.5365;Bocholt-Liedern (Wasserwerk);Nordrhein-Westfalen
2016-05-15;554;0.9;5.80;23;51.8293;6.5365;Bocholt-Liedern (Wasserwerk);Nordrhein-Westfalen
2016-05-16;554;0.7;6.50;23;51.8293;6.5365;Bocholt-Liedern (Wasserwerk);Nordrhein-Westfalen
2016-05-17;554;0;6.50;23;51.8293;6.5365;Bocholt-Liedern (Wasserwerk);Nordrhein-Westfalen
2016-05-18;554;2.2;8.70;23;51.8293;6.5365;Bocholt-Liedern (Wasserwerk);Nordrhein-Westfalen
2016-05-19;554;0.1;8.80;23;51.8293;6.5365;Bocholt-Liedern (Wasserwerk);Nordrhein-Westfalen
2016-05-20;554;3.4;12.20;23;51.8293;6.5365;Bocholt-Liedern (Wasserwerk);Nordrhein-Westfalen
2016-05-21;554;0;12.20;23;51.8293;6.5365;Bocholt-Liedern (Wasserwerk);Nordrhein-Westfalen
2016-05-22;554;2.7;14.90;23;51.8293;6.5365;Bocholt-Liedern (Wasserwerk);Nordrhein-Westfalen
2016-05-23;554;7.7;22.60;23;51.8293;6.5365;Bocholt-Liedern (Wasserwerk);Nordrhein-Westfalen
2016-05-24;554;0.1;22.70;23;51.8293;6.5365;Bocholt-Liedern (Wasserwerk);Nordrhein-Westfalen
2016-05-25;554;0;22.70;23;51.8293;6.5365;Bocholt-Liedern (Wasserwerk);Nordrhein-Westfalen
2016-05-26;554;0.1;22.80;23;51.8293;6.5365;Bocholt-Liedern (Wasserwerk);Nordrhein-Westfalen
2016-05-27;554;0.4;23.20;23;51.8293;6.5365;Bocholt-Liedern (Wasserwerk);Nordrhein-Westfalen
2016-05-28;554;0.5;23.70;23;51.8293;6.5365;Bocholt-Liedern (Wasserwerk);Nordrhein-Westfalen
2016-05-29;554;1.5;25.20;23;51.8293;6.5365;Bocholt-Liedern (Wasserwerk);Nordrhein-Westfalen
2016-05-30;554;21;46.20;23;51.8293;6.5365;Bocholt-Liedern (Wasserwerk);Nordrhein-Westfalen
2016-05-31;554;7.8;54.00;23;51.8293;6.5365;Bocholt-Liedern (Wasserwerk);Nordrhein-Westfalen
2016-06-01;554;31.5;85.50;23;51.8293;6.5365;Bocholt-Liedern (Wasserwerk);Nordrhein-Westfalen
2016-06-02;554;12.3;97.80;23;51.8293;6.5365;Bocholt-Liedern (Wasserwerk);Nordrhein-Westfalen
2016-06-03;554;0;97.80;23;51.8293;6.5365;Bocholt-Liedern (Wasserwerk);Nordrhein-Westfalen
2016-06-04;554;0;97.80;23;51.8293;6.5365;Bocholt-Liedern (Wasserwerk);Nordrhein-Westfalen
2016-06-05;554;0;97.80;23;51.8293;6.5365;Bocholt-Liedern (Wasserwerk);Nordrhein-Westfalen
2016-06-06;554;0;97.80;23;51.8293;6.5365;Bocholt-Liedern (Wasserwerk);Nordrhein-Westfalen
2016-06-07;554;9.7;107.50;23;51.8293;6.5365;Bocholt-Liedern (Wasserwerk);Nordrhein-Westfalen
2016-06-08;554;0;107.50;23;51.8293;6.5365;Bocholt-Liedern (Wasserwerk);Nordrhein-Westfalen
2016-06-09;554;0;107.50;23;51.8293;6.5365;Bocholt-Liedern (Wasserwerk);Nordrhein-Westfalen
2016-06-10;554;0.2;107.70;23;51.8293;6.5365;Bocholt-Liedern (Wasserwerk);Nordrhein-Westfalen
2016-06-11;554;0;107.70;23;51.8293;6.5365;Bocholt-Liedern (Wasserwerk);Nordrhein-Westfalen
2016-06-12;554;11;118.70;23;51.8293;6.5365;Bocholt-Liedern (Wasserwerk);Nordrhein-Westfalen
2016-06-13;554;11.1;129.80;23;51.8293;6.5365;Bocholt-Liedern (Wasserwerk);Nordrhein-Westfalen
2016-06-14;554;0.3;130.10;23;51.8293;6.5365;Bocholt-Liedern (Wasserwerk);Nordrhein-Westfalen
2016-06-15;554;15.1;145.20;23;51.8293;6.5365;Bocholt-Liedern (Wasserwerk);Nordrhein-Westfalen
2016-06-16;554;5.1;150.30;23;51.8293;6.5365;Bocholt-Liedern (Wasserwerk);Nordrhein-Westfalen
2016-06-17;554;9.5;159.80;23;51.8293;6.5365;Bocholt-Liedern (Wasserwerk);Nordrhein-Westfalen
2016-06-18;554;3.5;163.30;23;51.8293;6.5365;Bocholt-Liedern (Wasserwerk);Nordrhein-Westfalen
2016-06-19;554;0;163.30;23;51.8293;6.5365;Bocholt-Liedern (Wasserwerk);Nordrhein-Westfalen
2016-06-20;554;10;173.30;23;51.8293;6.5365;Bocholt-Liedern (Wasserwerk);Nordrhein-Westfalen
2016-06-21;554;0.2;173.50;23;51.8293;6.5365;Bocholt-Liedern (Wasserwerk);Nordrhein-Westfalen
2016-06-22;554;0;173.50;23;51.8293;6.5365;Bocholt-Liedern (Wasserwerk);Nordrhein-Westfalen
2016-06-23;554;70.4;243.90;23;51.8293;6.5365;Bocholt-Liedern (Wasserwerk);Nordrhein-Westfalen
2016-06-24;554;0;243.90;23;51.8293;6.5365;Bocholt-Liedern (Wasserwerk);Nordrhein-Westfalen
2016-06-25;554;5.5;249.40;23;51.8293;6.5365;Bocholt-Liedern (Wasserwerk);Nordrhein-Westfalen
2016-06-26;554;1.2;250.60;23;51.8293;6.5365;Bocholt-Liedern (Wasserwerk);Nordrhein-Westfalen
2016-06-27;554;6.4;257.00;23;51.8293;6.5365;Bocholt-Liedern (Wasserwerk);Nordrhein-Westfalen
2016-06-28;554;7.9;264.90;23;51.8293;6.5365;Bocholt-Liedern (Wasserwerk);Nordrhein-Westfalen
2016-06-29;554;0.3;265.20;23;51.8293;6.5365;Bocholt-Liedern (Wasserwerk);Nordrhein-Westfalen
2016-06-30;554;0.3;265.50;23;51.8293;6.5365;Bocholt-Liedern (Wasserwerk);Nordrhein-Westfalen
2017-05-01;554;3.8;3.80;23;51.8293;6.5365;Bocholt-Liedern (Wasserwerk);Nordrhein-Westfalen
2017-05-02;554;4;7.80;23;51.8293;6.5365;Bocholt-Liedern (Wasserwerk);Nordrhein-Westfalen
2017-05-03;554;0.6;8.40;23;51.8293;6.5365;Bocholt-Liedern (Wasserwerk);Nordrhein-Westfalen
2017-05-04;554;0.1;8.50;23;51.8293;6.5365;Bocholt-Liedern (Wasserwerk);Nordrhein-Westfalen
2017-05-05;554;0;8.50;23;51.8293;6.5365;Bocholt-Liedern (Wasserwerk);Nordrhein-Westfalen
2017-05-06;554;0;8.50;23;51.8293;6.5365;Bocholt-Liedern (Wasserwerk);Nordrhein-Westfalen
2017-05-07;554;0;8.50;23;51.8293;6.5365;Bocholt-Liedern (Wasserwerk);Nordrhein-Westfalen
2017-05-08;554;0;8.50;23;51.8293;6.5365;Bocholt-Liedern (Wasserwerk);Nordrhein-Westfalen
2017-05-09;554;0;8.50;23;51.8293;6.5365;Bocholt-Liedern (Wasserwerk);Nordrhein-Westfalen
2017-05-10;554;0;8.50;23;51.8293;6.5365;Bocholt-Liedern (Wasserwerk);Nordrhein-Westfalen
2017-05-11;554;1.9;10.40;23;51.8293;6.5365;Bocholt-Liedern (Wasserwerk);Nordrhein-Westfalen
2017-05-12;554;16.1;26.50;23;51.8293;6.5365;Bocholt-Liedern (Wasserwerk);Nordrhein-Westfalen
2017-05-13;554;0;26.50;23;51.8293;6.5365;Bocholt-Liedern (Wasserwerk);Nordrhein-Westfalen
2017-05-14;554;0.1;26.60;23;51.8293;6.5365;Bocholt-Liedern (Wasserwerk);Nordrhein-Westfalen
2017-05-15;554;0;26.60;23;51.8293;6.5365;Bocholt-Liedern (Wasserwerk);Nordrhein-Westfalen
2017-05-16;554;0;26.60;23;51.8293;6.5365;Bocholt-Liedern (Wasserwerk);Nordrhein-Westfalen
2017-05-17;554;0.1;26.70;23;51.8293;6.5365;Bocholt-Liedern (Wasserwerk);Nordrhein-Westfalen
2017-05-18;554;2.3;29.00;23;51.8293;6.5365;Bocholt-Liedern (Wasserwerk);Nordrhein-Westfalen
2017-05-19;554;4.5;33.50;23;51.8293;6.5365;Bocholt-Liedern (Wasserwerk);Nordrhein-Westfalen
2017-05-20;554;0;33.50;23;51.8293;6.5365;Bocholt-Liedern (Wasserwerk);Nordrhein-Westfalen
2017-05-21;554;0;33.50;23;51.8293;6.5365;Bocholt-Liedern (Wasserwerk);Nordrhein-Westfalen
2017-05-22;554;0;33.50;23;51.8293;6.5365;Bocholt-Liedern (Wasserwerk);Nordrhein-Westfalen
2017-05-23;554;0;33.50;23;51.8293;6.5365;Bocholt-Liedern (Wasserwerk);Nordrhein-Westfalen
2017-05-24;554;0;33.50;23;51.8293;6.5365;Bocholt-Liedern (Wasserwerk);Nordrhein-Westfalen
2017-05-25;554;0;33.50;23;51.8293;6.5365;Bocholt-Liedern (Wasserwerk);Nordrhein-Westfalen
2017-05-26;554;0;33.50;23;51.8293;6.5365;Bocholt-Liedern (Wasserwerk);Nordrhein-Westfalen
2017-05-27;554;8.4;41.90;23;51.8293;6.5365;Bocholt-Liedern (Wasserwerk);Nordrhein-Westfalen
2017-05-28;554;0.6;42.50;23;51.8293;6.5365;Bocholt-Liedern (Wasserwerk);Nordrhein-Westfalen
2017-05-29;554;1.2;43.70;23;51.8293;6.5365;Bocholt-Liedern (Wasserwerk);Nordrhein-Westfalen
2017-05-30;554;0;43.70;23;51.8293;6.5365;Bocholt-Liedern (Wasserwerk);Nordrhein-Westfalen
2017-05-31;554;0;43.70;23;51.8293;6.5365;Bocholt-Liedern (Wasserwerk);Nordrhein-Westfalen
2017-06-01;554;0;43.70;23;51.8293;6.5365;Bocholt-Liedern (Wasserwerk);Nordrhein-Westfalen
2017-06-02;554;0.1;43.80;23;51.8293;6.5365;Bocholt-Liedern (Wasserwerk);Nordrhein-Westfalen
2017-06-03;554;2.6;46.40;23;51.8293;6.5365;Bocholt-Liedern (Wasserwerk);Nordrhein-Westfalen
2017-06-04;554;0;46.40;23;51.8293;6.5365;Bocholt-Liedern (Wasserwerk);Nordrhein-Westfalen
2017-06-05;554;0;46.40;23;51.8293;6.5365;Bocholt-Liedern (Wasserwerk);Nordrhein-Westfalen
2017-06-06;554;1.6;48.00;23;51.8293;6.5365;Bocholt-Liedern (Wasserwerk);Nordrhein-Westfalen
2017-06-07;554;3.7;51.70;23;51.8293;6.5365;Bocholt-Liedern (Wasserwerk);Nordrhein-Westfalen
2017-06-08;554;0;51.70;23;51.8293;6.5365;Bocholt-Liedern (Wasserwerk);Nordrhein-Westfalen
2017-06-09;554;6.9;58.60;23;51.8293;6.5365;Bocholt-Liedern (Wasserwerk);Nordrhein-Westfalen
2017-06-10;554;0;58.60;23;51.8293;6.5365;Bocholt-Liedern (Wasserwerk);Nordrhein-Westfalen
2017-06-11;554;0.1;58.70;23;51.8293;6.5365;Bocholt-Liedern (Wasserwerk);Nordrhein-Westfalen
2017-06-12;554;0;58.70;23;51.8293;6.5365;Bocholt-Liedern (Wasserwerk);Nordrhein-Westfalen
2017-06-13;554;0;58.70;23;51.8293;6.5365;Bocholt-Liedern (Wasserwerk);Nordrhein-Westfalen
2017-06-14;554;0;58.70;23;51.8293;6.5365;Bocholt-Liedern (Wasserwerk);Nordrhein-Westfalen
2017-06-15;554;0;58.70;23;51.8293;6.5365;Bocholt-Liedern (Wasserwerk);Nordrhein-Westfalen
2017-06-16;554;0;58.70;23;51.8293;6.5365;Bocholt-Liedern (Wasserwerk);Nordrhein-Westfalen
2017-06-17;554;0;58.70;23;51.8293;6.5365;Bocholt-Liedern (Wasserwerk);Nordrhein-Westfalen
2017-06-18;554;0;58.70;23;51.8293;6.5365;Bocholt-Liedern (Wasserwerk);Nordrhein-Westfalen
2017-06-19;554;0;58.70;23;51.8293;6.5365;Bocholt-Liedern (Wasserwerk);Nordrhein-Westfalen
2017-06-20;554;0;58.70;23;51.8293;6.5365;Bocholt-Liedern (Wasserwerk);Nordrhein-Westfalen
2017-06-21;554;0;58.70;23;51.8293;6.5365;Bocholt-Liedern (Wasserwerk);Nordrhein-Westfalen
2017-06-22;554;0.3;59.00;23;51.8293;6.5365;Bocholt-Liedern (Wasserwerk);Nordrhein-Westfalen
2017-06-23;554;0;59.00;23;51.8293;6.5365;Bocholt-Liedern (Wasserwerk);Nordrhein-Westfalen
2017-06-24;554;0.5;59.50;23;51.8293;6.5365;Bocholt-Liedern (Wasserwerk);Nordrhein-Westfalen
2017-06-25;554;2.2;61.70;23;51.8293;6.5365;Bocholt-Liedern (Wasserwerk);Nordrhein-Westfalen
2017-06-26;554;0;61.70;23;51.8293;6.5365;Bocholt-Liedern (Wasserwerk);Nordrhein-Westfalen
2017-06-27;554;2.2;63.90;23;51.8293;6.5365;Bocholt-Liedern (Wasserwerk);Nordrhein-Westfalen
2017-06-28;554;8.2;72.10;23;51.8293;6.5365;Bocholt-Liedern (Wasserwerk);Nordrhein-Westfalen
2017-06-29;554;0.4;72.50;23;51.8293;6.5365;Bocholt-Liedern (Wasserwerk);Nordrhein-Westfalen
2017-06-30;554;13.4;85.90;23;51.8293;6.5365;Bocholt-Liedern (Wasserwerk);Nordrhein-Westfalen
2018-05-01;554;0.1;0.10;23;51.8293;6.5365;Bocholt-Liedern (Wasserwerk);Nordrhein-Westfalen
2018-05-02;554;0;0.10;23;51.8293;6.5365;Bocholt-Liedern (Wasserwerk);Nordrhein-Westfalen
2018-05-03;554;0;0.10;23;51.8293;6.5365;Bocholt-Liedern (Wasserwerk);Nordrhein-Westfalen
2018-05-04;554;0;0.10;23;51.8293;6.5365;Bocholt-Liedern (Wasserwerk);Nordrhein-Westfalen
2018-05-05;554;0;0.10;23;51.8293;6.5365;Bocholt-Liedern (Wasserwerk);Nordrhein-Westfalen
2018-05-06;554;0;0.10;23;51.8293;6.5365;Bocholt-Liedern (Wasserwerk);Nordrhein-Westfalen
2018-05-07;554;0;0.10;23;51.8293;6.5365;Bocholt-Liedern (Wasserwerk);Nordrhein-Westfalen
2018-05-08;554;0;0.10;23;51.8293;6.5365;Bocholt-Liedern (Wasserwerk);Nordrhein-Westfalen
2018-05-09;554;0.4;0.50;23;51.8293;6.5365;Bocholt-Liedern (Wasserwerk);Nordrhein-Westfalen
2018-05-10;554;0;0.50;23;51.8293;6.5365;Bocholt-Liedern (Wasserwerk);Nordrhein-Westfalen
2018-05-11;554;0;0.50;23;51.8293;6.5365;Bocholt-Liedern (Wasserwerk);Nordrhein-Westfalen
2018-05-12;554;0;0.50;23;51.8293;6.5365;Bocholt-Liedern (Wasserwerk);Nordrhein-Westfalen
2018-05-13;554;9.1;9.60;23;51.8293;6.5365;Bocholt-Liedern (Wasserwerk);Nordrhein-Westfalen
2018-05-14;554;0;9.60;23;51.8293;6.5365;Bocholt-Liedern (Wasserwerk);Nordrhein-Westfalen
2018-05-15;554;0;9.60;23;51.8293;6.5365;Bocholt-Liedern (Wasserwerk);Nordrhein-Westfalen
2018-05-16;554;0;9.60;23;51.8293;6.5365;Bocholt-Liedern (Wasserwerk);Nordrhein-Westfalen
2018-05-17;554;0;9.60;23;51.8293;6.5365;Bocholt-Liedern (Wasserwerk);Nordrhein-Westfalen
2018-05-18;554;0;9.60;23;51.8293;6.5365;Bocholt-Liedern (Wasserwerk);Nordrhein-Westfalen
2018-05-19;554;0;9.60;23;51.8293;6.5365;Bocholt-Liedern (Wasserwerk);Nordrhein-Westfalen
2018-05-20;554;0;9.60;23;51.8293;6.5365;Bocholt-Liedern (Wasserwerk);Nordrhein-Westfalen
2018-05-21;554;3.5;13.10;23;51.8293;6.5365;Bocholt-Liedern (Wasserwerk);Nordrhein-Westfalen
2018-05-22;554;2.3;15.40;23;51.8293;6.5365;Bocholt-Liedern (Wasserwerk);Nordrhein-Westfalen
2018-05-23;554;1.7;17.10;23;51.8293;6.5365;Bocholt-Liedern (Wasserwerk);Nordrhein-Westfalen
2018-05-24;554;0.6;17.70;23;51.8293;6.5365;Bocholt-Liedern (Wasserwerk);Nordrhein-Westfalen
2018-05-25;554;0;17.70;23;51.8293;6.5365;Bocholt-Liedern (Wasserwerk);Nordrhein-Westfalen
2018-05-26;554;0;17.70;23;51.8293;6.5365;Bocholt-Liedern (Wasserwerk);Nordrhein-Westfalen
2018-05-27;554;0.5;18.20;23;51.8293;6.5365;Bocholt-Liedern (Wasserwerk);Nordrhein-Westfalen
2018-05-28;554;0;18.20;23;51.8293;6.5365;Bocholt-Liedern (Wasserwerk);Nordrhein-Westfalen
2018-05-29;554;3.3;21.50;23;51.8293;6.5365;Bocholt-Liedern (Wasserwerk);Nordrhein-Westfalen
2018-05-30;554;0;21.50;23;51.8293;6.5365;Bocholt-Liedern (Wasserwerk);Nordrhein-Westfalen
2018-05-31;554;0;21.50;23;51.8293;6.5365;Bocholt-Liedern (Wasserwerk);Nordrhein-Westfalen
2018-06-01;554;8.3;29.80;23;51.8293;6.5365;Bocholt-Liedern (Wasserwerk);Nordrhein-Westfalen
2018-06-02;554;0;29.80;23;51.8293;6.5365;Bocholt-Liedern (Wasserwerk);Nordrhein-Westfalen
2018-06-03;554;0;29.80;23;51.8293;6.5365;Bocholt-Liedern (Wasserwerk);Nordrhein-Westfalen
2018-06-04;554;0;29.80;23;51.8293;6.5365;Bocholt-Liedern (Wasserwerk);Nordrhein-Westfalen
2018-06-05;554;0;29.80;23;51.8293;6.5365;Bocholt-Liedern (Wasserwerk);Nordrhein-Westfalen
2018-06-06;554;0;29.80;23;51.8293;6.5365;Bocholt-Liedern (Wasserwerk);Nordrhein-Westfalen
2018-06-07;554;1.1;30.90;23;51.8293;6.5365;Bocholt-Liedern (Wasserwerk);Nordrhein-Westfalen
2018-06-08;554;2.5;33.40;23;51.8293;6.5365;Bocholt-Liedern (Wasserwerk);Nordrhein-Westfalen
2018-06-09;554;0;33.40;23;51.8293;6.5365;Bocholt-Liedern (Wasserwerk);Nordrhein-Westfalen
2018-06-10;554;0;33.40;23;51.8293;6.5365;Bocholt-Liedern (Wasserwerk);Nordrhein-Westfalen
2018-06-11;554;0;33.40;23;51.8293;6.5365;Bocholt-Liedern (Wasserwerk);Nordrhein-Westfalen
2018-06-12;554;0;33.40;23;51.8293;6.5365;Bocholt-Liedern (Wasserwerk);Nordrhein-Westfalen
2018-06-13;554;0;33.40;23;51.8293;6.5365;Bocholt-Liedern (Wasserwerk);Nordrhein-Westfalen
2018-06-14;554;1.4;34.80;23;51.8293;6.5365;Bocholt-Liedern (Wasserwerk);Nordrhein-Westfalen
2018-06-15;554;0;34.80;23;51.8293;6.5365;Bocholt-Liedern (Wasserwerk);Nordrhein-Westfalen
2018-06-16;554;0;34.80;23;51.8293;6.5365;Bocholt-Liedern (Wasserwerk);Nordrhein-Westfalen
2018-06-17;554;0;34.80;23;51.8293;6.5365;Bocholt-Liedern (Wasserwerk);Nordrhein-Westfalen
2018-06-18;554;0.3;35.10;23;51.8293;6.5365;Bocholt-Liedern (Wasserwerk);Nordrhein-Westfalen
2018-06-19;554;0;35.10;23;51.8293;6.5365;Bocholt-Liedern (Wasserwerk);Nordrhein-Westfalen
2018-06-20;554;0.1;35.20;23;51.8293;6.5365;Bocholt-Liedern (Wasserwerk);Nordrhein-Westfalen
2018-06-21;554;0.1;35.30;23;51.8293;6.5365;Bocholt-Liedern (Wasserwerk);Nordrhein-Westfalen
2018-06-22;554;0.7;36.00;23;51.8293;6.5365;Bocholt-Liedern (Wasserwerk);Nordrhein-Westfalen
2018-06-23;554;0.1;36.10;23;51.8293;6.5365;Bocholt-Liedern (Wasserwerk);Nordrhein-Westfalen
2018-06-24;554;0.4;36.50;23;51.8293;6.5365;Bocholt-Liedern (Wasserwerk);Nordrhein-Westfalen
2018-06-25;554;0;36.50;23;51.8293;6.5365;Bocholt-Liedern (Wasserwerk);Nordrhein-Westfalen
2018-06-26;554;0;36.50;23;51.8293;6.5365;Bocholt-Liedern (Wasserwerk);Nordrhein-Westfalen
2018-06-27;554;0;36.50;23;51.8293;6.5365;Bocholt-Liedern (Wasserwerk);Nordrhein-Westfalen
2018-06-28;554;0;36.50;23;51.8293;6.5365;Bocholt-Liedern (Wasserwerk);Nordrhein-Westfalen
2018-06-29;554;0;36.50;23;51.8293;6.5365;Bocholt-Liedern (Wasserwerk);Nordrhein-Westfalen
2018-06-30;554;0;36.50;23;51.8293;6.5365;Bocholt-Liedern (Wasserwerk);Nordrhein-Westfalen
2016-05-01;1999;0;0.00;23;51.7217;6.5839;Hamminkeln-M??hlenrott;Nordrhein-Westfalen
2016-05-02;1999;2.7;2.70;23;51.7217;6.5839;Hamminkeln-M??hlenrott;Nordrhein-Westfalen
2016-05-03;1999;0;2.70;23;51.7217;6.5839;Hamminkeln-M??hlenrott;Nordrhein-Westfalen
2016-05-04;1999;0;2.70;23;51.7217;6.5839;Hamminkeln-M??hlenrott;Nordrhein-Westfalen
2016-05-05;1999;0;2.70;23;51.7217;6.5839;Hamminkeln-M??hlenrott;Nordrhein-Westfalen
2016-05-06;1999;0;2.70;23;51.7217;6.5839;Hamminkeln-M??hlenrott;Nordrhein-Westfalen
2016-05-07;1999;0;2.70;23;51.7217;6.5839;Hamminkeln-M??hlenrott;Nordrhein-Westfalen
2016-05-08;1999;0;2.70;23;51.7217;6.5839;Hamminkeln-M??hlenrott;Nordrhein-Westfalen
2016-05-09;1999;0;2.70;23;51.7217;6.5839;Hamminkeln-M??hlenrott;Nordrhein-Westfalen
2016-05-10;1999;1.4;4.10;23;51.7217;6.5839;Hamminkeln-M??hlenrott;Nordrhein-Westfalen
2016-05-11;1999;0;4.10;23;51.7217;6.5839;Hamminkeln-M??hlenrott;Nordrhein-Westfalen
2016-05-12;1999;0;4.10;23;51.7217;6.5839;Hamminkeln-M??hlenrott;Nordrhein-Westfalen
2016-05-13;1999;0;4.10;23;51.7217;6.5839;Hamminkeln-M??hlenrott;Nordrhein-Westfalen
2016-05-14;1999;1;5.10;23;51.7217;6.5839;Hamminkeln-M??hlenrott;Nordrhein-Westfalen
2016-05-15;1999;0;5.10;23;51.7217;6.5839;Hamminkeln-M??hlenrott;Nordrhein-Westfalen
2016-05-16;1999;0.1;5.20;23;51.7217;6.5839;Hamminkeln-M??hlenrott;Nordrhein-Westfalen
2016-05-17;1999;0;5.20;23;51.7217;6.5839;Hamminkeln-M??hlenrott;Nordrhein-Westfalen
2016-05-18;1999;4.1;9.30;23;51.7217;6.5839;Hamminkeln-M??hlenrott;Nordrhein-Westfalen
2016-05-19;1999;0;9.30;23;51.7217;6.5839;Hamminkeln-M??hlenrott;Nordrhein-Westfalen
2016-05-20;1999;0.4;9.70;23;51.7217;6.5839;Hamminkeln-M??hlenrott;Nordrhein-Westfalen
2016-05-21;1999;0;9.70;23;51.7217;6.5839;Hamminkeln-M??hlenrott;Nordrhein-Westfalen
2016-05-22;1999;3.5;13.20;23;51.7217;6.5839;Hamminkeln-M??hlenrott;Nordrhein-Westfalen
2016-05-23;1999;14.9;28.10;23;51.7217;6.5839;Hamminkeln-M??hlenrott;Nordrhein-Westfalen
2016-05-24;1999;0.1;28.20;23;51.7217;6.5839;Hamminkeln-M??hlenrott;Nordrhein-Westfalen
2016-05-25;1999;0;28.20;23;51.7217;6.5839;Hamminkeln-M??hlenrott;Nordrhein-Westfalen
2016-05-26;1999;0.1;28.30;23;51.7217;6.5839;Hamminkeln-M??hlenrott;Nordrhein-Westfalen
2016-05-27;1999;0.5;28.80;23;51.7217;6.5839;Hamminkeln-M??hlenrott;Nordrhein-Westfalen
2016-05-28;1999;0;28.80;23;51.7217;6.5839;Hamminkeln-M??hlenrott;Nordrhein-Westfalen
2016-05-29;1999;8.9;37.70;23;51.7217;6.5839;Hamminkeln-M??hlenrott;Nordrhein-Westfalen
2016-05-30;1999;41.5;79.20;23;51.7217;6.5839;Hamminkeln-M??hlenrott;Nordrhein-Westfalen
2016-05-31;1999;1;80.20;23;51.7217;6.5839;Hamminkeln-M??hlenrott;Nordrhein-Westfalen
2016-06-01;1999;120.3;200.50;23;51.7217;6.5839;Hamminkeln-M??hlenrott;Nordrhein-Westfalen
2016-06-02;1999;11.3;211.80;23;51.7217;6.5839;Hamminkeln-M??hlenrott;Nordrhein-Westfalen
2016-06-03;1999;24.7;236.50;23;51.7217;6.5839;Hamminkeln-M??hlenrott;Nordrhein-Westfalen
2016-06-04;1999;0;236.50;23;51.7217;6.5839;Hamminkeln-M??hlenrott;Nordrhein-Westfalen
2016-06-05;1999;0;236.50;23;51.7217;6.5839;Hamminkeln-M??hlenrott;Nordrhein-Westfalen
2016-06-06;1999;0;236.50;23;51.7217;6.5839;Hamminkeln-M??hlenrott;Nordrhein-Westfalen
2016-06-07;1999;13.9;250.40;23;51.7217;6.5839;Hamminkeln-M??hlenrott;Nordrhein-Westfalen
2016-06-08;1999;0;250.40;23;51.7217;6.5839;Hamminkeln-M??hlenrott;Nordrhein-Westfalen
2016-06-09;1999;0;250.40;23;51.7217;6.5839;Hamminkeln-M??hlenrott;Nordrhein-Westfalen
2016-06-10;1999;0;250.40;23;51.7217;6.5839;Hamminkeln-M??hlenrott;Nordrhein-Westfalen
2016-06-11;1999;0;250.40;23;51.7217;6.5839;Hamminkeln-M??hlenrott;Nordrhein-Westfalen
2016-06-12;1999;5.1;255.50;23;51.7217;6.5839;Hamminkeln-M??hlenrott;Nordrhein-Westfalen
2016-06-13;1999;21.3;276.80;23;51.7217;6.5839;Hamminkeln-M??hlenrott;Nordrhein-Westfalen
2016-06-14;1999;1.7;278.50;23;51.7217;6.5839;Hamminkeln-M??hlenrott;Nordrhein-Westfalen
2016-06-15;1999;4.3;282.80;23;51.7217;6.5839;Hamminkeln-M??hlenrott;Nordrhein-Westfalen
2016-06-16;1999;1.7;284.50;23;51.7217;6.5839;Hamminkeln-M??hlenrott;Nordrhein-Westfalen
2016-06-17;1999;1.6;286.10;23;51.7217;6.5839;Hamminkeln-M??hlenrott;Nordrhein-Westfalen
2016-06-18;1999;3.6;289.70;23;51.7217;6.5839;Hamminkeln-M??hlenrott;Nordrhein-Westfalen
2016-06-19;1999;0;289.70;23;51.7217;6.5839;Hamminkeln-M??hlenrott;Nordrhein-Westfalen
2016-06-20;1999;11.3;301.00;23;51.7217;6.5839;Hamminkeln-M??hlenrott;Nordrhein-Westfalen
2016-06-21;1999;0.5;301.50;23;51.7217;6.5839;Hamminkeln-M??hlenrott;Nordrhein-Westfalen
2016-06-22;1999;0;301.50;23;51.7217;6.5839;Hamminkeln-M??hlenrott;Nordrhein-Westfalen
2016-06-23;1999;56.8;358.30;23;51.7217;6.5839;Hamminkeln-M??hlenrott;Nordrhein-Westfalen
2016-06-24;1999;0.1;358.40;23;51.7217;6.5839;Hamminkeln-M??hlenrott;Nordrhein-Westfalen
2016-06-25;1999;6.7;365.10;23;51.7217;6.5839;Hamminkeln-M??hlenrott;Nordrhein-Westfalen
2016-06-26;1999;2.4;367.50;23;51.7217;6.5839;Hamminkeln-M??hlenrott;Nordrhein-Westfalen
2016-06-27;1999;7;374.50;23;51.7217;6.5839;Hamminkeln-M??hlenrott;Nordrhein-Westfalen
2016-06-28;1999;9.2;383.70;23;51.7217;6.5839;Hamminkeln-M??hlenrott;Nordrhein-Westfalen
2016-06-29;1999;0;383.70;23;51.7217;6.5839;Hamminkeln-M??hlenrott;Nordrhein-Westfalen
2016-06-30;1999;0.4;384.10;23;51.7217;6.5839;Hamminkeln-M??hlenrott;Nordrhein-Westfalen
2017-05-01;1999;3.1;3.10;23;51.7217;6.5839;Hamminkeln-M??hlenrott;Nordrhein-Westfalen
2017-05-02;1999;5;8.10;23;51.7217;6.5839;Hamminkeln-M??hlenrott;Nordrhein-Westfalen
2017-05-03;1999;4.2;12.30;23;51.7217;6.5839;Hamminkeln-M??hlenrott;Nordrhein-Westfalen
2017-05-04;1999;0.7;13.00;23;51.7217;6.5839;Hamminkeln-M??hlenrott;Nordrhein-Westfalen
2017-05-05;1999;0;13.00;23;51.7217;6.5839;Hamminkeln-M??hlenrott;Nordrhein-Westfalen
2017-05-06;1999;0;13.00;23;51.7217;6.5839;Hamminkeln-M??hlenrott;Nordrhein-Westfalen
2017-05-07;1999;0;13.00;23;51.7217;6.5839;Hamminkeln-M??hlenrott;Nordrhein-Westfalen
2017-05-08;1999;0;13.00;23;51.7217;6.5839;Hamminkeln-M??hlenrott;Nordrhein-Westfalen
2017-05-09;1999;0;13.00;23;51.7217;6.5839;Hamminkeln-M??hlenrott;Nordrhein-Westfalen
2017-05-10;1999;0;13.00;23;51.7217;6.5839;Hamminkeln-M??hlenrott;Nordrhein-Westfalen
2017-05-11;1999;3.2;16.20;23;51.7217;6.5839;Hamminkeln-M??hlenrott;Nordrhein-Westfalen
2017-05-12;1999;4;20.20;23;51.7217;6.5839;Hamminkeln-M??hlenrott;Nordrhein-Westfalen
2017-05-13;1999;0;20.20;23;51.7217;6.5839;Hamminkeln-M??hlenrott;Nordrhein-Westfalen
2017-05-14;1999;0;20.20;23;51.7217;6.5839;Hamminkeln-M??hlenrott;Nordrhein-Westfalen
2017-05-15;1999;0;20.20;23;51.7217;6.5839;Hamminkeln-M??hlenrott;Nordrhein-Westfalen
2017-05-16;1999;0;20.20;23;51.7217;6.5839;Hamminkeln-M??hlenrott;Nordrhein-Westfalen
2017-05-17;1999;0.8;21.00;23;51.7217;6.5839;Hamminkeln-M??hlenrott;Nordrhein-Westfalen
2017-05-18;1999;0.6;21.60;23;51.7217;6.5839;Hamminkeln-M??hlenrott;Nordrhein-Westfalen
2017-05-19;1999;2.5;24.10;23;51.7217;6.5839;Hamminkeln-M??hlenrott;Nordrhein-Westfalen
2017-05-20;1999;0;24.10;23;51.7217;6.5839;Hamminkeln-M??hlenrott;Nordrhein-Westfalen
2017-05-21;1999;0;24.10;23;51.7217;6.5839;Hamminkeln-M??hlenrott;Nordrhein-Westfalen
2017-05-22;1999;0;24.10;23;51.7217;6.5839;Hamminkeln-M??hlenrott;Nordrhein-Westfalen
2017-05-23;1999;0;24.10;23;51.7217;6.5839;Hamminkeln-M??hlenrott;Nordrhein-Westfalen
2017-05-24;1999;0;24.10;23;51.7217;6.5839;Hamminkeln-M??hlenrott;Nordrhein-Westfalen
2017-05-25;1999;0;24.10;23;51.7217;6.5839;Hamminkeln-M??hlenrott;Nordrhein-Westfalen
2017-05-26;1999;0;24.10;23;51.7217;6.5839;Hamminkeln-M??hlenrott;Nordrhein-Westfalen
2017-05-27;1999;1.8;25.90;23;51.7217;6.5839;Hamminkeln-M??hlenrott;Nordrhein-Westfalen
2017-05-28;1999;0.5;26.40;23;51.7217;6.5839;Hamminkeln-M??hlenrott;Nordrhein-Westfalen
2017-05-29;1999;0;26.40;23;51.7217;6.5839;Hamminkeln-M??hlenrott;Nordrhein-Westfalen
2017-05-30;1999;0;26.40;23;51.7217;6.5839;Hamminkeln-M??hlenrott;Nordrhein-Westfalen
2017-05-31;1999;0;26.40;23;51.7217;6.5839;Hamminkeln-M??hlenrott;Nordrhein-Westfalen
2017-06-01;1999;0;26.40;23;51.7217;6.5839;Hamminkeln-M??hlenrott;Nordrhein-Westfalen
2017-06-02;1999;0.2;26.60;23;51.7217;6.5839;Hamminkeln-M??hlenrott;Nordrhein-Westfalen
2017-06-03;1999;8.9;35.50;23;51.7217;6.5839;Hamminkeln-M??hlenrott;Nordrhein-Westfalen
2017-06-04;1999;0.4;35.90;23;51.7217;6.5839;Hamminkeln-M??hlenrott;Nordrhein-Westfalen
2017-06-05;1999;0;35.90;23;51.7217;6.5839;Hamminkeln-M??hlenrott;Nordrhein-Westfalen
2017-06-06;1999;8;43.90;23;51.7217;6.5839;Hamminkeln-M??hlenrott;Nordrhein-Westfalen
2017-06-07;1999;1.6;45.50;23;51.7217;6.5839;Hamminkeln-M??hlenrott;Nordrhein-Westfalen
2017-06-08;1999;0;45.50;23;51.7217;6.5839;Hamminkeln-M??hlenrott;Nordrhein-Westfalen
2017-06-09;1999;6.4;51.90;23;51.7217;6.5839;Hamminkeln-M??hlenrott;Nordrhein-Westfalen
2017-06-10;1999;0;51.90;23;51.7217;6.5839;Hamminkeln-M??hlenrott;Nordrhein-Westfalen
2017-06-11;1999;0;51.90;23;51.7217;6.5839;Hamminkeln-M??hlenrott;Nordrhein-Westfalen
2017-06-12;1999;0;51.90;23;51.7217;6.5839;Hamminkeln-M??hlenrott;Nordrhein-Westfalen
2017-06-13;1999;0;51.90;23;51.7217;6.5839;Hamminkeln-M??hlenrott;Nordrhein-Westfalen
2017-06-14;1999;0;51.90;23;51.7217;6.5839;Hamminkeln-M??hlenrott;Nordrhein-Westfalen
2017-06-15;1999;0;51.90;23;51.7217;6.5839;Hamminkeln-M??hlenrott;Nordrhein-Westfalen
2017-06-16;1999;0;51.90;23;51.7217;6.5839;Hamminkeln-M??hlenrott;Nordrhein-Westfalen
2017-06-17;1999;0;51.90;23;51.7217;6.5839;Hamminkeln-M??hlenrott;Nordrhein-Westfalen
2017-06-18;1999;0;51.90;23;51.7217;6.5839;Hamminkeln-M??hlenrott;Nordrhein-Westfalen
2017-06-19;1999;0;51.90;23;51.7217;6.5839;Hamminkeln-M??hlenrott;Nordrhein-Westfalen
2017-06-20;1999;0;51.90;23;51.7217;6.5839;Hamminkeln-M??hlenrott;Nordrhein-Westfalen
2017-06-21;1999;0;51.90;23;51.7217;6.5839;Hamminkeln-M??hlenrott;Nordrhein-Westfalen
2017-06-22;1999;0.3;52.20;23;51.7217;6.5839;Hamminkeln-M??hlenrott;Nordrhein-Westfalen
2017-06-23;1999;0;52.20;23;51.7217;6.5839;Hamminkeln-M??hlenrott;Nordrhein-Westfalen
2017-06-24;1999;1.5;53.70;23;51.7217;6.5839;Hamminkeln-M??hlenrott;Nordrhein-Westfalen
2017-06-25;1999;0.1;53.80;23;51.7217;6.5839;Hamminkeln-M??hlenrott;Nordrhein-Westfalen
2017-06-26;1999;0;53.80;23;51.7217;6.5839;Hamminkeln-M??hlenrott;Nordrhein-Westfalen
2017-06-27;1999;0.6;54.40;23;51.7217;6.5839;Hamminkeln-M??hlenrott;Nordrhein-Westfalen
2017-06-28;1999;8.5;62.90;23;51.7217;6.5839;Hamminkeln-M??hlenrott;Nordrhein-Westfalen
2017-06-29;1999;1;63.90;23;51.7217;6.5839;Hamminkeln-M??hlenrott;Nordrhein-Westfalen
2017-06-30;1999;7.7;71.60;23;51.7217;6.5839;Hamminkeln-M??hlenrott;Nordrhein-Westfalen
2018-05-01;1999;0;0.00;23;51.7217;6.5839;Hamminkeln-M??hlenrott;Nordrhein-Westfalen
2018-05-02;1999;0;0.00;23;51.7217;6.5839;Hamminkeln-M??hlenrott;Nordrhein-Westfalen
2018-05-03;1999;0;0.00;23;51.7217;6.5839;Hamminkeln-M??hlenrott;Nordrhein-Westfalen
2018-05-04;1999;0;0.00;23;51.7217;6.5839;Hamminkeln-M??hlenrott;Nordrhein-Westfalen
2018-05-05;1999;0;0.00;23;51.7217;6.5839;Hamminkeln-M??hlenrott;Nordrhein-Westfalen
2018-05-06;1999;0;0.00;23;51.7217;6.5839;Hamminkeln-M??hlenrott;Nordrhein-Westfalen
2018-05-07;1999;0;0.00;23;51.7217;6.5839;Hamminkeln-M??hlenrott;Nordrhein-Westfalen
2018-05-08;1999;0;0.00;23;51.7217;6.5839;Hamminkeln-M??hlenrott;Nordrhein-Westfalen
2018-05-09;1999;0;0.00;23;51.7217;6.5839;Hamminkeln-M??hlenrott;Nordrhein-Westfalen
2018-05-10;1999;0;0.00;23;51.7217;6.5839;Hamminkeln-M??hlenrott;Nordrhein-Westfalen
2018-05-11;1999;0;0.00;23;51.7217;6.5839;Hamminkeln-M??hlenrott;Nordrhein-Westfalen
2018-05-12;1999;0;0.00;23;51.7217;6.5839;Hamminkeln-M??hlenrott;Nordrhein-Westfalen
2018-05-13;1999;7.4;7.40;23;51.7217;6.5839;Hamminkeln-M??hlenrott;Nordrhein-Westfalen
2018-05-14;1999;0;7.40;23;51.7217;6.5839;Hamminkeln-M??hlenrott;Nordrhein-Westfalen
2018-05-15;1999;0;7.40;23;51.7217;6.5839;Hamminkeln-M??hlenrott;Nordrhein-Westfalen
2018-05-16;1999;0;7.40;23;51.7217;6.5839;Hamminkeln-M??hlenrott;Nordrhein-Westfalen
2018-05-17;1999;0;7.40;23;51.7217;6.5839;Hamminkeln-M??hlenrott;Nordrhein-Westfalen
2018-05-18;1999;0;7.40;23;51.7217;6.5839;Hamminkeln-M??hlenrott;Nordrhein-Westfalen
2018-05-19;1999;0;7.40;23;51.7217;6.5839;Hamminkeln-M??hlenrott;Nordrhein-Westfalen
2018-05-20;1999;0;7.40;23;51.7217;6.5839;Hamminkeln-M??hlenrott;Nordrhein-Westfalen
2018-05-21;1999;3.5;10.90;23;51.7217;6.5839;Hamminkeln-M??hlenrott;Nordrhein-Westfalen
2018-05-22;1999;3.1;14.00;23;51.7217;6.5839;Hamminkeln-M??hlenrott;Nordrhein-Westfalen
2018-05-23;1999;0.6;14.60;23;51.7217;6.5839;Hamminkeln-M??hlenrott;Nordrhein-Westfalen
2018-05-24;1999;1;15.60;23;51.7217;6.5839;Hamminkeln-M??hlenrott;Nordrhein-Westfalen
2018-05-25;1999;0.1;15.70;23;51.7217;6.5839;Hamminkeln-M??hlenrott;Nordrhein-Westfalen
2018-05-26;1999;0;15.70;23;51.7217;6.5839;Hamminkeln-M??hlenrott;Nordrhein-Westfalen
2018-05-27;1999;3.7;19.40;23;51.7217;6.5839;Hamminkeln-M??hlenrott;Nordrhein-Westfalen
2018-05-28;1999;0;19.40;23;51.7217;6.5839;Hamminkeln-M??hlenrott;Nordrhein-Westfalen
2018-05-29;1999;15.7;35.10;23;51.7217;6.5839;Hamminkeln-M??hlenrott;Nordrhein-Westfalen
2018-05-30;1999;0;35.10;23;51.7217;6.5839;Hamminkeln-M??hlenrott;Nordrhein-Westfalen
2018-05-31;1999;0;35.10;23;51.7217;6.5839;Hamminkeln-M??hlenrott;Nordrhein-Westfalen
2018-06-01;1999;2.1;37.20;23;51.7217;6.5839;Hamminkeln-M??hlenrott;Nordrhein-Westfalen
2018-06-02;1999;0;37.20;23;51.7217;6.5839;Hamminkeln-M??hlenrott;Nordrhein-Westfalen
2018-06-03;1999;0;37.20;23;51.7217;6.5839;Hamminkeln-M??hlenrott;Nordrhein-Westfalen
2018-06-04;1999;0;37.20;23;51.7217;6.5839;Hamminkeln-M??hlenrott;Nordrhein-Westfalen
2018-06-05;1999;0;37.20;23;51.7217;6.5839;Hamminkeln-M??hlenrott;Nordrhein-Westfalen
2018-06-06;1999;0;37.20;23;51.7217;6.5839;Hamminkeln-M??hlenrott;Nordrhein-Westfalen
2018-06-07;1999;2.3;39.50;23;51.7217;6.5839;Hamminkeln-M??hlenrott;Nordrhein-Westfalen
2018-06-08;1999;0.4;39.90;23;51.7217;6.5839;Hamminkeln-M??hlenrott;Nordrhein-Westfalen
2018-06-09;1999;0;39.90;23;51.7217;6.5839;Hamminkeln-M??hlenrott;Nordrhein-Westfalen
2018-06-10;1999;0;39.90;23;51.7217;6.5839;Hamminkeln-M??hlenrott;Nordrhein-Westfalen
2018-06-11;1999;0;39.90;23;51.7217;6.5839;Hamminkeln-M??hlenrott;Nordrhein-Westfalen
2018-06-12;1999;0;39.90;23;51.7217;6.5839;Hamminkeln-M??hlenrott;Nordrhein-Westfalen
2018-06-13;1999;0;39.90;23;51.7217;6.5839;Hamminkeln-M??hlenrott;Nordrhein-Westfalen
2018-06-14;1999;1;40.90;23;51.7217;6.5839;Hamminkeln-M??hlenrott;Nordrhein-Westfalen
2018-06-15;1999;0;40.90;23;51.7217;6.5839;Hamminkeln-M??hlenrott;Nordrhein-Westfalen
2018-06-16;1999;0;40.90;23;51.7217;6.5839;Hamminkeln-M??hlenrott;Nordrhein-Westfalen
2018-06-17;1999;0;40.90;23;51.7217;6.5839;Hamminkeln-M??hlenrott;Nordrhein-Westfalen
2018-06-18;1999;0;40.90;23;51.7217;6.5839;Hamminkeln-M??hlenrott;Nordrhein-Westfalen
2018-06-19;1999;0;40.90;23;51.7217;6.5839;Hamminkeln-M??hlenrott;Nordrhein-Westfalen
2018-06-20;1999;0.4;41.30;23;51.7217;6.5839;Hamminkeln-M??hlenrott;Nordrhein-Westfalen
2018-06-21;1999;0.3;41.60;23;51.7217;6.5839;Hamminkeln-M??hlenrott;Nordrhein-Westfalen
2018-06-22;1999;0.5;42.10;23;51.7217;6.5839;Hamminkeln-M??hlenrott;Nordrhein-Westfalen
2018-06-23;1999;0;42.10;23;51.7217;6.5839;Hamminkeln-M??hlenrott;Nordrhein-Westfalen
2018-06-24;1999;0.2;42.30;23;51.7217;6.5839;Hamminkeln-M??hlenrott;Nordrhein-Westfalen
2018-06-25;1999;0;42.30;23;51.7217;6.5839;Hamminkeln-M??hlenrott;Nordrhein-Westfalen
2018-06-26;1999;0;42.30;23;51.7217;6.5839;Hamminkeln-M??hlenrott;Nordrhein-Westfalen
2018-06-27;1999;0;42.30;23;51.7217;6.5839;Hamminkeln-M??hlenrott;Nordrhein-Westfalen
2018-06-28;1999;0;42.30;23;51.7217;6.5839;Hamminkeln-M??hlenrott;Nordrhein-Westfalen
2018-06-29;1999;0;42.30;23;51.7217;6.5839;Hamminkeln-M??hlenrott;Nordrhein-Westfalen
2018-06-30;1999;0;42.30;23;51.7217;6.5839;Hamminkeln-M??hlenrott;Nordrhein-Westfalen
2016-05-01;5502;0;0.00;25;51.6927;6.5853;Wesel-Fl??ren;Nordrhein-Westfalen
2016-05-02;5502;3.4;3.40;25;51.6927;6.5853;Wesel-Fl??ren;Nordrhein-Westfalen
2016-05-03;5502;0;3.40;25;51.6927;6.5853;Wesel-Fl??ren;Nordrhein-Westfalen
2016-05-04;5502;0;3.40;25;51.6927;6.5853;Wesel-Fl??ren;Nordrhein-Westfalen
2016-05-05;5502;0;3.40;25;51.6927;6.5853;Wesel-Fl??ren;Nordrhein-Westfalen
2016-05-06;5502;0;3.40;25;51.6927;6.5853;Wesel-Fl??ren;Nordrhein-Westfalen
2016-05-07;5502;0;3.40;25;51.6927;6.5853;Wesel-Fl??ren;Nordrhein-Westfalen
2016-05-08;5502;0;3.40;25;51.6927;6.5853;Wesel-Fl??ren;Nordrhein-Westfalen
2016-05-09;5502;0;3.40;25;51.6927;6.5853;Wesel-Fl??ren;Nordrhein-Westfalen
2016-05-10;5502;0.7;4.10;25;51.6927;6.5853;Wesel-Fl??ren;Nordrhein-Westfalen
2016-05-11;5502;0;4.10;25;51.6927;6.5853;Wesel-Fl??ren;Nordrhein-Westfalen
2016-05-12;5502;0;4.10;25;51.6927;6.5853;Wesel-Fl??ren;Nordrhein-Westfalen
2016-05-13;5502;0;4.10;25;51.6927;6.5853;Wesel-Fl??ren;Nordrhein-Westfalen
2016-05-14;5502;0.9;5.00;25;51.6927;6.5853;Wesel-Fl??ren;Nordrhein-Westfalen
2016-05-15;5502;0.3;5.30;25;51.6927;6.5853;Wesel-Fl??ren;Nordrhein-Westfalen
2016-05-16;5502;0;5.30;25;51.6927;6.5853;Wesel-Fl??ren;Nordrhein-Westfalen
2016-05-17;5502;0;5.30;25;51.6927;6.5853;Wesel-Fl??ren;Nordrhein-Westfalen
2016-05-18;5502;4.8;10.10;25;51.6927;6.5853;Wesel-Fl??ren;Nordrhein-Westfalen
2016-05-19;5502;0;10.10;25;51.6927;6.5853;Wesel-Fl??ren;Nordrhein-Westfalen
2016-05-20;5502;1.6;11.70;25;51.6927;6.5853;Wesel-Fl??ren;Nordrhein-Westfalen
2016-05-21;5502;0;11.70;25;51.6927;6.5853;Wesel-Fl??ren;Nordrhein-Westfalen
2016-05-22;5502;4.6;16.30;25;51.6927;6.5853;Wesel-Fl??ren;Nordrhein-Westfalen
2016-05-23;5502;13.2;29.50;25;51.6927;6.5853;Wesel-Fl??ren;Nordrhein-Westfalen
2016-05-24;5502;0;29.50;25;51.6927;6.5853;Wesel-Fl??ren;Nordrhein-Westfalen
2016-05-25;5502;0;29.50;25;51.6927;6.5853;Wesel-Fl??ren;Nordrhein-Westfalen
2016-05-26;5502;0.1;29.60;25;51.6927;6.5853;Wesel-Fl??ren;Nordrhein-Westfalen
2016-05-27;5502;0.9;30.50;25;51.6927;6.5853;Wesel-Fl??ren;Nordrhein-Westfalen
2016-05-28;5502;0.1;30.60;25;51.6927;6.5853;Wesel-Fl??ren;Nordrhein-Westfalen
2016-05-29;5502;2.7;33.30;25;51.6927;6.5853;Wesel-Fl??ren;Nordrhein-Westfalen
2016-05-30;5502;33.1;66.40;25;51.6927;6.5853;Wesel-Fl??ren;Nordrhein-Westfalen
2016-05-31;5502;1.3;67.70;25;51.6927;6.5853;Wesel-Fl??ren;Nordrhein-Westfalen
2016-06-01;5502;97.5;165.20;25;51.6927;6.5853;Wesel-Fl??ren;Nordrhein-Westfalen
2016-06-02;5502;8.2;173.40;25;51.6927;6.5853;Wesel-Fl??ren;Nordrhein-Westfalen
2016-06-03;5502;29.7;203.10;25;51.6927;6.5853;Wesel-Fl??ren;Nordrhein-Westfalen
2016-06-04;5502;0;203.10;25;51.6927;6.5853;Wesel-Fl??ren;Nordrhein-Westfalen
2016-06-05;5502;0;203.10;25;51.6927;6.5853;Wesel-Fl??ren;Nordrhein-Westfalen
2016-06-06;5502;0;203.10;25;51.6927;6.5853;Wesel-Fl??ren;Nordrhein-Westfalen
2016-06-07;5502;8.7;211.80;25;51.6927;6.5853;Wesel-Fl??ren;Nordrhein-Westfalen
2016-06-08;5502;0;211.80;25;51.6927;6.5853;Wesel-Fl??ren;Nordrhein-Westfalen
2016-06-09;5502;0;211.80;25;51.6927;6.5853;Wesel-Fl??ren;Nordrhein-Westfalen
2016-06-10;5502;0.1;211.90;25;51.6927;6.5853;Wesel-Fl??ren;Nordrhein-Westfalen
2016-06-11;5502;0;211.90;25;51.6927;6.5853;Wesel-Fl??ren;Nordrhein-Westfalen
2016-06-12;5502;6.8;218.70;25;51.6927;6.5853;Wesel-Fl??ren;Nordrhein-Westfalen
2016-06-13;5502;24.5;243.20;25;51.6927;6.5853;Wesel-Fl??ren;Nordrhein-Westfalen
2016-06-14;5502;0.6;243.80;25;51.6927;6.5853;Wesel-Fl??ren;Nordrhein-Westfalen
2016-06-15;5502;7.7;251.50;25;51.6927;6.5853;Wesel-Fl??ren;Nordrhein-Westfalen
2016-06-16;5502;3;254.50;25;51.6927;6.5853;Wesel-Fl??ren;Nordrhein-Westfalen
2016-06-17;5502;3.4;257.90;25;51.6927;6.5853;Wesel-Fl??ren;Nordrhein-Westfalen
2016-06-18;5502;2.5;260.40;25;51.6927;6.5853;Wesel-Fl??ren;Nordrhein-Westfalen
2016-06-19;5502;0.2;260.60;25;51.6927;6.5853;Wesel-Fl??ren;Nordrhein-Westfalen
2016-06-20;5502;11.3;271.90;25;51.6927;6.5853;Wesel-Fl??ren;Nordrhein-Westfalen
2016-06-21;5502;3.8;275.70;25;51.6927;6.5853;Wesel-Fl??ren;Nordrhein-Westfalen
2016-06-22;5502;0.1;275.80;25;51.6927;6.5853;Wesel-Fl??ren;Nordrhein-Westfalen
2016-06-23;5502;50.2;326.00;25;51.6927;6.5853;Wesel-Fl??ren;Nordrhein-Westfalen
2016-06-24;5502;0.1;326.10;25;51.6927;6.5853;Wesel-Fl??ren;Nordrhein-Westfalen
2016-06-25;5502;8.3;334.40;25;51.6927;6.5853;Wesel-Fl??ren;Nordrhein-Westfalen
2016-06-26;5502;9.2;343.60;25;51.6927;6.5853;Wesel-Fl??ren;Nordrhein-Westfalen
2016-06-27;5502;5.3;348.90;25;51.6927;6.5853;Wesel-Fl??ren;Nordrhein-Westfalen
2016-06-28;5502;7.7;356.60;25;51.6927;6.5853;Wesel-Fl??ren;Nordrhein-Westfalen
2016-06-29;5502;0.2;356.80;25;51.6927;6.5853;Wesel-Fl??ren;Nordrhein-Westfalen
2016-06-30;5502;0;356.80;25;51.6927;6.5853;Wesel-Fl??ren;Nordrhein-Westfalen
2017-05-01;5502;3.1;3.10;25;51.6927;6.5853;Wesel-Fl??ren;Nordrhein-Westfalen
2017-05-02;5502;5.7;8.80;25;51.6927;6.5853;Wesel-Fl??ren;Nordrhein-Westfalen
2017-05-03;5502;6.7;15.50;25;51.6927;6.5853;Wesel-Fl??ren;Nordrhein-Westfalen
2017-05-04;5502;0;15.50;25;51.6927;6.5853;Wesel-Fl??ren;Nordrhein-Westfalen
2017-05-05;5502;0;15.50;25;51.6927;6.5853;Wesel-Fl??ren;Nordrhein-Westfalen
2017-05-06;5502;0;15.50;25;51.6927;6.5853;Wesel-Fl??ren;Nordrhein-Westfalen
2017-05-07;5502;0.1;15.60;25;51.6927;6.5853;Wesel-Fl??ren;Nordrhein-Westfalen
2017-05-08;5502;0.1;15.70;25;51.6927;6.5853;Wesel-Fl??ren;Nordrhein-Westfalen
2017-05-09;5502;0;15.70;25;51.6927;6.5853;Wesel-Fl??ren;Nordrhein-Westfalen
2017-05-10;5502;0;15.70;25;51.6927;6.5853;Wesel-Fl??ren;Nordrhein-Westfalen
2017-05-11;5502;3.5;19.20;25;51.6927;6.5853;Wesel-Fl??ren;Nordrhein-Westfalen
2017-05-12;5502;7.4;26.60;25;51.6927;6.5853;Wesel-Fl??ren;Nordrhein-Westfalen
2017-05-13;5502;0;26.60;25;51.6927;6.5853;Wesel-Fl??ren;Nordrhein-Westfalen
2017-05-14;5502;0;26.60;25;51.6927;6.5853;Wesel-Fl??ren;Nordrhein-Westfalen
2017-05-15;5502;0;26.60;25;51.6927;6.5853;Wesel-Fl??ren;Nordrhein-Westfalen
2017-05-16;5502;0;26.60;25;51.6927;6.5853;Wesel-Fl??ren;Nordrhein-Westfalen
2017-05-17;5502;0;26.60;25;51.6927;6.5853;Wesel-Fl??ren;Nordrhein-Westfalen
2017-05-18;5502;1.4;28.00;25;51.6927;6.5853;Wesel-Fl??ren;Nordrhein-Westfalen
2017-05-19;5502;2.6;30.60;25;51.6927;6.5853;Wesel-Fl??ren;Nordrhein-Westfalen
2017-05-20;5502;0;30.60;25;51.6927;6.5853;Wesel-Fl??ren;Nordrhein-Westfalen
2017-05-21;5502;0;30.60;25;51.6927;6.5853;Wesel-Fl??ren;Nordrhein-Westfalen
2017-05-22;5502;0;30.60;25;51.6927;6.5853;Wesel-Fl??ren;Nordrhein-Westfalen
2017-05-23;5502;0;30.60;25;51.6927;6.5853;Wesel-Fl??ren;Nordrhein-Westfalen
2017-05-24;5502;0;30.60;25;51.6927;6.5853;Wesel-Fl??ren;Nordrhein-Westfalen
2017-05-25;5502;0;30.60;25;51.6927;6.5853;Wesel-Fl??ren;Nordrhein-Westfalen
2017-05-26;5502;0;30.60;25;51.6927;6.5853;Wesel-Fl??ren;Nordrhein-Westfalen
2017-05-27;5502;1.9;32.50;25;51.6927;6.5853;Wesel-Fl??ren;Nordrhein-Westfalen
2017-05-28;5502;1.6;34.10;25;51.6927;6.5853;Wesel-Fl??ren;Nordrhein-Westfalen
2017-05-29;5502;0;34.10;25;51.6927;6.5853;Wesel-Fl??ren;Nordrhein-Westfalen
2017-05-30;5502;0;34.10;25;51.6927;6.5853;Wesel-Fl??ren;Nordrhein-Westfalen
2017-05-31;5502;0;34.10;25;51.6927;6.5853;Wesel-Fl??ren;Nordrhein-Westfalen
2017-06-01;5502;0;34.10;25;51.6927;6.5853;Wesel-Fl??ren;Nordrhein-Westfalen
2017-06-02;5502;0.2;34.30;25;51.6927;6.5853;Wesel-Fl??ren;Nordrhein-Westfalen
2017-06-03;5502;18;52.30;25;51.6927;6.5853;Wesel-Fl??ren;Nordrhein-Westfalen
2017-06-04;5502;0;52.30;25;51.6927;6.5853;Wesel-Fl??ren;Nordrhein-Westfalen
2017-06-05;5502;0;52.30;25;51.6927;6.5853;Wesel-Fl??ren;Nordrhein-Westfalen
2017-06-06;5502;4.4;56.70;25;51.6927;6.5853;Wesel-Fl??ren;Nordrhein-Westfalen
2017-06-07;5502;1;57.70;25;51.6927;6.5853;Wesel-Fl??ren;Nordrhein-Westfalen
2017-06-08;5502;0;57.70;25;51.6927;6.5853;Wesel-Fl??ren;Nordrhein-Westfalen
2017-06-09;5502;6.9;64.60;25;51.6927;6.5853;Wesel-Fl??ren;Nordrhein-Westfalen
2017-06-10;5502;0;64.60;25;51.6927;6.5853;Wesel-Fl??ren;Nordrhein-Westfalen
2017-06-11;5502;0;64.60;25;51.6927;6.5853;Wesel-Fl??ren;Nordrhein-Westfalen
2017-06-12;5502;0;64.60;25;51.6927;6.5853;Wesel-Fl??ren;Nordrhein-Westfalen
2017-06-13;5502;0;64.60;25;51.6927;6.5853;Wesel-Fl??ren;Nordrhein-Westfalen
2017-06-14;5502;0;64.60;25;51.6927;6.5853;Wesel-Fl??ren;Nordrhein-Westfalen
2017-06-15;5502;5.6;70.20;25;51.6927;6.5853;Wesel-Fl??ren;Nordrhein-Westfalen
2017-06-16;5502;0.1;70.30;25;51.6927;6.5853;Wesel-Fl??ren;Nordrhein-Westfalen
2017-06-17;5502;0;70.30;25;51.6927;6.5853;Wesel-Fl??ren;Nordrhein-Westfalen
2017-06-18;5502;0.2;70.50;25;51.6927;6.5853;Wesel-Fl??ren;Nordrhein-Westfalen
2017-06-19;5502;0;70.50;25;51.6927;6.5853;Wesel-Fl??ren;Nordrhein-Westfalen
2017-06-20;5502;0;70.50;25;51.6927;6.5853;Wesel-Fl??ren;Nordrhein-Westfalen
2017-06-21;5502;0;70.50;25;51.6927;6.5853;Wesel-Fl??ren;Nordrhein-Westfalen
2017-06-22;5502;0;70.50;25;51.6927;6.5853;Wesel-Fl??ren;Nordrhein-Westfalen
2017-06-23;5502;0;70.50;25;51.6927;6.5853;Wesel-Fl??ren;Nordrhein-Westfalen
2017-06-24;5502;2.1;72.60;25;51.6927;6.5853;Wesel-Fl??ren;Nordrhein-Westfalen
2017-06-25;5502;0.5;73.10;25;51.6927;6.5853;Wesel-Fl??ren;Nordrhein-Westfalen
2017-06-26;5502;0;73.10;25;51.6927;6.5853;Wesel-Fl??ren;Nordrhein-Westfalen
2017-06-27;5502;0.8;73.90;25;51.6927;6.5853;Wesel-Fl??ren;Nordrhein-Westfalen
2017-06-28;5502;8.7;82.60;25;51.6927;6.5853;Wesel-Fl??ren;Nordrhein-Westfalen
2017-06-29;5502;1.6;84.20;25;51.6927;6.5853;Wesel-Fl??ren;Nordrhein-Westfalen
2017-06-30;5502;7.8;92.00;25;51.6927;6.5853;Wesel-Fl??ren;Nordrhein-Westfalen
2018-05-01;5502;0;0.00;25;51.6927;6.5853;Wesel-Fl??ren;Nordrhein-Westfalen
2018-05-02;5502;0;0.00;25;51.6927;6.5853;Wesel-Fl??ren;Nordrhein-Westfalen
2018-05-03;5502;0;0.00;25;51.6927;6.5853;Wesel-Fl??ren;Nordrhein-Westfalen
2018-05-04;5502;0;0.00;25;51.6927;6.5853;Wesel-Fl??ren;Nordrhein-Westfalen
2018-05-05;5502;0;0.00;25;51.6927;6.5853;Wesel-Fl??ren;Nordrhein-Westfalen
2018-05-06;5502;0;0.00;25;51.6927;6.5853;Wesel-Fl??ren;Nordrhein-Westfalen
2018-05-07;5502;0;0.00;25;51.6927;6.5853;Wesel-Fl??ren;Nordrhein-Westfalen
2018-05-08;5502;0;0.00;25;51.6927;6.5853;Wesel-Fl??ren;Nordrhein-Westfalen
2018-05-09;5502;0;0.00;25;51.6927;6.5853;Wesel-Fl??ren;Nordrhein-Westfalen
2018-05-10;5502;0;0.00;25;51.6927;6.5853;Wesel-Fl??ren;Nordrhein-Westfalen
2018-05-11;5502;0;0.00;25;51.6927;6.5853;Wesel-Fl??ren;Nordrhein-Westfalen
2018-05-12;5502;0;0.00;25;51.6927;6.5853;Wesel-Fl??ren;Nordrhein-Westfalen
2018-05-13;5502;8;8.00;25;51.6927;6.5853;Wesel-Fl??ren;Nordrhein-Westfalen
2018-05-14;5502;0;8.00;25;51.6927;6.5853;Wesel-Fl??ren;Nordrhein-Westfalen
2018-05-15;5502;0;8.00;25;51.6927;6.5853;Wesel-Fl??ren;Nordrhein-Westfalen
2018-05-16;5502;0;8.00;25;51.6927;6.5853;Wesel-Fl??ren;Nordrhein-Westfalen
2018-05-17;5502;0;8.00;25;51.6927;6.5853;Wesel-Fl??ren;Nordrhein-Westfalen
2018-05-18;5502;0;8.00;25;51.6927;6.5853;Wesel-Fl??ren;Nordrhein-Westfalen
2018-05-19;5502;0;8.00;25;51.6927;6.5853;Wesel-Fl??ren;Nordrhein-Westfalen
2018-05-20;5502;0;8.00;25;51.6927;6.5853;Wesel-Fl??ren;Nordrhein-Westfalen
2018-05-21;5502;4.1;12.10;25;51.6927;6.5853;Wesel-Fl??ren;Nordrhein-Westfalen
2018-05-22;5502;0.9;13.00;25;51.6927;6.5853;Wesel-Fl??ren;Nordrhein-Westfalen
2018-05-23;5502;0.8;13.80;25;51.6927;6.5853;Wesel-Fl??ren;Nordrhein-Westfalen
2018-05-24;5502;2.2;16.00;25;51.6927;6.5853;Wesel-Fl??ren;Nordrhein-Westfalen
2018-05-25;5502;1;17.00;25;51.6927;6.5853;Wesel-Fl??ren;Nordrhein-Westfalen
2018-05-26;5502;0;17.00;25;51.6927;6.5853;Wesel-Fl??ren;Nordrhein-Westfalen
2018-05-27;5502;4.7;21.70;25;51.6927;6.5853;Wesel-Fl??ren;Nordrhein-Westfalen
2018-05-28;5502;0;21.70;25;51.6927;6.5853;Wesel-Fl??ren;Nordrhein-Westfalen
2018-05-29;5502;9.8;31.50;25;51.6927;6.5853;Wesel-Fl??ren;Nordrhein-Westfalen
2018-05-30;5502;0;31.50;25;51.6927;6.5853;Wesel-Fl??ren;Nordrhein-Westfalen
2018-05-31;5502;0;31.50;25;51.6927;6.5853;Wesel-Fl??ren;Nordrhein-Westfalen
2018-06-01;5502;2.3;33.80;25;51.6927;6.5853;Wesel-Fl??ren;Nordrhein-Westfalen
2018-06-02;5502;0;33.80;25;51.6927;6.5853;Wesel-Fl??ren;Nordrhein-Westfalen
2018-06-03;5502;0;33.80;25;51.6927;6.5853;Wesel-Fl??ren;Nordrhein-Westfalen
2018-06-04;5502;0;33.80;25;51.6927;6.5853;Wesel-Fl??ren;Nordrhein-Westfalen
2018-06-05;5502;0;33.80;25;51.6927;6.5853;Wesel-Fl??ren;Nordrhein-Westfalen
2018-06-06;5502;0;33.80;25;51.6927;6.5853;Wesel-Fl??ren;Nordrhein-Westfalen
2018-06-07;5502;2.3;36.10;25;51.6927;6.5853;Wesel-Fl??ren;Nordrhein-Westfalen
2018-06-08;5502;1.4;37.50;25;51.6927;6.5853;Wesel-Fl??ren;Nordrhein-Westfalen
2018-06-09;5502;0;37.50;25;51.6927;6.5853;Wesel-Fl??ren;Nordrhein-Westfalen
2018-06-10;5502;0;37.50;25;51.6927;6.5853;Wesel-Fl??ren;Nordrhein-Westfalen
2018-06-11;5502;0;37.50;25;51.6927;6.5853;Wesel-Fl??ren;Nordrhein-Westfalen
2018-06-12;5502;0;37.50;25;51.6927;6.5853;Wesel-Fl??ren;Nordrhein-Westfalen
2018-06-13;5502;0;37.50;25;51.6927;6.5853;Wesel-Fl??ren;Nordrhein-Westfalen
2018-06-14;5502;0.6;38.10;25;51.6927;6.5853;Wesel-Fl??ren;Nordrhein-Westfalen
2018-06-15;5502;0;38.10;25;51.6927;6.5853;Wesel-Fl??ren;Nordrhein-Westfalen
2018-06-16;5502;0.3;38.40;25;51.6927;6.5853;Wesel-Fl??ren;Nordrhein-Westfalen
2018-06-17;5502;0;38.40;25;51.6927;6.5853;Wesel-Fl??ren;Nordrhein-Westfalen
2018-06-18;5502;0.3;38.70;25;51.6927;6.5853;Wesel-Fl??ren;Nordrhein-Westfalen
2018-06-19;5502;0;38.70;25;51.6927;6.5853;Wesel-Fl??ren;Nordrhein-Westfalen
2018-06-20;5502;0;38.70;25;51.6927;6.5853;Wesel-Fl??ren;Nordrhein-Westfalen
2018-06-21;5502;0.1;38.80;25;51.6927;6.5853;Wesel-Fl??ren;Nordrhein-Westfalen
2018-06-22;5502;0.2;39.00;25;51.6927;6.5853;Wesel-Fl??ren;Nordrhein-Westfalen
2018-06-23;5502;0;39.00;25;51.6927;6.5853;Wesel-Fl??ren;Nordrhein-Westfalen
2018-06-24;5502;0.2;39.20;25;51.6927;6.5853;Wesel-Fl??ren;Nordrhein-Westfalen
2018-06-25;5502;0;39.20;25;51.6927;6.5853;Wesel-Fl??ren;Nordrhein-Westfalen
2018-06-26;5502;0;39.20;25;51.6927;6.5853;Wesel-Fl??ren;Nordrhein-Westfalen
2018-06-27;5502;0;39.20;25;51.6927;6.5853;Wesel-Fl??ren;Nordrhein-Westfalen
2018-06-28;5502;0;39.20;25;51.6927;6.5853;Wesel-Fl??ren;Nordrhein-Westfalen
2018-06-29;5502;0;39.20;25;51.6927;6.5853;Wesel-Fl??ren;Nordrhein-Westfalen
2018-06-30;5502;0;39.20;25;51.6927;6.5853;Wesel-Fl??ren;Nordrhein-Westfalen
2016-05-01;5733;0;0.00;20;51.697;6.3974;Xanten;Nordrhein-Westfalen
2016-05-02;5733;3.5;3.50;20;51.697;6.3974;Xanten;Nordrhein-Westfalen
2016-05-03;5733;0;3.50;20;51.697;6.3974;Xanten;Nordrhein-Westfalen
2016-05-04;5733;0;3.50;20;51.697;6.3974;Xanten;Nordrhein-Westfalen
2016-05-05;5733;0;3.50;20;51.697;6.3974;Xanten;Nordrhein-Westfalen
2016-05-06;5733;0;3.50;20;51.697;6.3974;Xanten;Nordrhein-Westfalen
2016-05-07;5733;0;3.50;20;51.697;6.3974;Xanten;Nordrhein-Westfalen
2016-05-08;5733;0;3.50;20;51.697;6.3974;Xanten;Nordrhein-Westfalen
2016-05-09;5733;0;3.50;20;51.697;6.3974;Xanten;Nordrhein-Westfalen
2016-05-10;5733;0;3.50;20;51.697;6.3974;Xanten;Nordrhein-Westfalen
2016-05-11;5733;0;3.50;20;51.697;6.3974;Xanten;Nordrhein-Westfalen
2016-05-12;5733;0;3.50;20;51.697;6.3974;Xanten;Nordrhein-Westfalen
2016-05-13;5733;0;3.50;20;51.697;6.3974;Xanten;Nordrhein-Westfalen
2016-05-14;5733;2;5.50;20;51.697;6.3974;Xanten;Nordrhein-Westfalen
2016-05-15;5733;0.1;5.60;20;51.697;6.3974;Xanten;Nordrhein-Westfalen
2016-05-16;5733;0;5.60;20;51.697;6.3974;Xanten;Nordrhein-Westfalen
2016-05-17;5733;0;5.60;20;51.697;6.3974;Xanten;Nordrhein-Westfalen
2016-05-18;5733;4.3;9.90;20;51.697;6.3974;Xanten;Nordrhein-Westfalen
2016-05-19;5733;0;9.90;20;51.697;6.3974;Xanten;Nordrhein-Westfalen
2016-05-20;5733;0.2;10.10;20;51.697;6.3974;Xanten;Nordrhein-Westfalen
2016-05-21;5733;0;10.10;20;51.697;6.3974;Xanten;Nordrhein-Westfalen
2016-05-22;5733;1.8;11.90;20;51.697;6.3974;Xanten;Nordrhein-Westfalen
2016-05-23;5733;12;23.90;20;51.697;6.3974;Xanten;Nordrhein-Westfalen
2016-05-24;5733;0;23.90;20;51.697;6.3974;Xanten;Nordrhein-Westfalen
2016-05-25;5733;0;23.90;20;51.697;6.3974;Xanten;Nordrhein-Westfalen
2016-05-26;5733;0;23.90;20;51.697;6.3974;Xanten;Nordrhein-Westfalen
2016-05-27;5733;0.4;24.30;20;51.697;6.3974;Xanten;Nordrhein-Westfalen
2016-05-28;5733;0;24.30;20;51.697;6.3974;Xanten;Nordrhein-Westfalen
2016-05-29;5733;4.3;28.60;20;51.697;6.3974;Xanten;Nordrhein-Westfalen
2016-05-30;5733;44.3;72.90;20;51.697;6.3974;Xanten;Nordrhein-Westfalen
2016-05-31;5733;1;73.90;20;51.697;6.3974;Xanten;Nordrhein-Westfalen
2016-06-01;5733;111.1;185.00;20;51.697;6.3974;Xanten;Nordrhein-Westfalen
2016-06-02;5733;9.7;194.70;20;51.697;6.3974;Xanten;Nordrhein-Westfalen
2016-06-03;5733;28.7;223.40;20;51.697;6.3974;Xanten;Nordrhein-Westfalen
2016-06-04;5733;0;223.40;20;51.697;6.3974;Xanten;Nordrhein-Westfalen
2016-06-05;5733;0;223.40;20;51.697;6.3974;Xanten;Nordrhein-Westfalen
2016-06-06;5733;0;223.40;20;51.697;6.3974;Xanten;Nordrhein-Westfalen
2016-06-07;5733;2.1;225.50;20;51.697;6.3974;Xanten;Nordrhein-Westfalen
2016-06-08;5733;0;225.50;20;51.697;6.3974;Xanten;Nordrhein-Westfalen
2016-06-09;5733;0;225.50;20;51.697;6.3974;Xanten;Nordrhein-Westfalen
2016-06-10;5733;0.1;225.60;20;51.697;6.3974;Xanten;Nordrhein-Westfalen
2016-06-11;5733;0;225.60;20;51.697;6.3974;Xanten;Nordrhein-Westfalen
2016-06-12;5733;6.2;231.80;20;51.697;6.3974;Xanten;Nordrhein-Westfalen
2016-06-13;5733;12.6;244.40;20;51.697;6.3974;Xanten;Nordrhein-Westfalen
2016-06-14;5733;0;244.40;20;51.697;6.3974;Xanten;Nordrhein-Westfalen
2016-06-15;5733;5.7;250.10;20;51.697;6.3974;Xanten;Nordrhein-Westfalen
2016-06-16;5733;5.7;255.80;20;51.697;6.3974;Xanten;Nordrhein-Westfalen
2016-06-17;5733;3;258.80;20;51.697;6.3974;Xanten;Nordrhein-Westfalen
2016-06-18;5733;3.4;262.20;20;51.697;6.3974;Xanten;Nordrhein-Westfalen
2016-06-19;5733;0;262.20;20;51.697;6.3974;Xanten;Nordrhein-Westfalen
2016-06-20;5733;13.5;275.70;20;51.697;6.3974;Xanten;Nordrhein-Westfalen
2016-06-21;5733;0;275.70;20;51.697;6.3974;Xanten;Nordrhein-Westfalen
2016-06-22;5733;0;275.70;20;51.697;6.3974;Xanten;Nordrhein-Westfalen
2016-06-23;5733;88.7;364.40;20;51.697;6.3974;Xanten;Nordrhein-Westfalen
2016-06-24;5733;0;364.40;20;51.697;6.3974;Xanten;Nordrhein-Westfalen
2016-06-25;5733;4.2;368.60;20;51.697;6.3974;Xanten;Nordrhein-Westfalen
2016-06-26;5733;7.7;376.30;20;51.697;6.3974;Xanten;Nordrhein-Westfalen
2016-06-27;5733;4.2;380.50;20;51.697;6.3974;Xanten;Nordrhein-Westfalen
2016-06-28;5733;14.2;394.70;20;51.697;6.3974;Xanten;Nordrhein-Westfalen
2016-06-29;5733;0;394.70;20;51.697;6.3974;Xanten;Nordrhein-Westfalen
2016-06-30;5733;0.4;395.10;20;51.697;6.3974;Xanten;Nordrhein-Westfalen
2017-05-01;5733;5.1;5.10;20;51.697;6.3974;Xanten;Nordrhein-Westfalen
2017-05-02;5733;4.9;10.00;20;51.697;6.3974;Xanten;Nordrhein-Westfalen
2017-05-03;5733;4.3;14.30;20;51.697;6.3974;Xanten;Nordrhein-Westfalen
2017-05-04;5733;0;14.30;20;51.697;6.3974;Xanten;Nordrhein-Westfalen
2017-05-05;5733;0;14.30;20;51.697;6.3974;Xanten;Nordrhein-Westfalen
2017-05-06;5733;0;14.30;20;51.697;6.3974;Xanten;Nordrhein-Westfalen
2017-05-07;5733;0;14.30;20;51.697;6.3974;Xanten;Nordrhein-Westfalen
2017-05-08;5733;0;14.30;20;51.697;6.3974;Xanten;Nordrhein-Westfalen
2017-05-09;5733;0;14.30;20;51.697;6.3974;Xanten;Nordrhein-Westfalen
2017-05-10;5733;0;14.30;20;51.697;6.3974;Xanten;Nordrhein-Westfalen
2017-05-11;5733;3.5;17.80;20;51.697;6.3974;Xanten;Nordrhein-Westfalen
2017-05-12;5733;15;32.80;20;51.697;6.3974;Xanten;Nordrhein-Westfalen
2017-05-13;5733;0;32.80;20;51.697;6.3974;Xanten;Nordrhein-Westfalen
2017-05-14;5733;0.1;32.90;20;51.697;6.3974;Xanten;Nordrhein-Westfalen
2017-05-15;5733;0;32.90;20;51.697;6.3974;Xanten;Nordrhein-Westfalen
2017-05-16;5733;0;32.90;20;51.697;6.3974;Xanten;Nordrhein-Westfalen
2017-05-17;5733;0.5;33.40;20;51.697;6.3974;Xanten;Nordrhein-Westfalen
2017-05-18;5733;3.4;36.80;20;51.697;6.3974;Xanten;Nordrhein-Westfalen
2017-05-19;5733;2.8;39.60;20;51.697;6.3974;Xanten;Nordrhein-Westfalen
2017-05-20;5733;0;39.60;20;51.697;6.3974;Xanten;Nordrhein-Westfalen
2017-05-21;5733;0;39.60;20;51.697;6.3974;Xanten;Nordrhein-Westfalen
2017-05-22;5733;0;39.60;20;51.697;6.3974;Xanten;Nordrhein-Westfalen
2017-05-23;5733;0;39.60;20;51.697;6.3974;Xanten;Nordrhein-Westfalen
2017-05-24;5733;0;39.60;20;51.697;6.3974;Xanten;Nordrhein-Westfalen
2017-05-25;5733;0;39.60;20;51.697;6.3974;Xanten;Nordrhein-Westfalen
2017-05-26;5733;0;39.60;20;51.697;6.3974;Xanten;Nordrhein-Westfalen
2017-05-27;5733;3.7;43.30;20;51.697;6.3974;Xanten;Nordrhein-Westfalen
2017-05-28;5733;0.5;43.80;20;51.697;6.3974;Xanten;Nordrhein-Westfalen
2017-05-29;5733;1;44.80;20;51.697;6.3974;Xanten;Nordrhein-Westfalen
2017-05-30;5733;0;44.80;20;51.697;6.3974;Xanten;Nordrhein-Westfalen
2017-05-31;5733;0;44.80;20;51.697;6.3974;Xanten;Nordrhein-Westfalen
2017-06-01;5733;0;44.80;20;51.697;6.3974;Xanten;Nordrhein-Westfalen
2017-06-02;5733;0.2;45.00;20;51.697;6.3974;Xanten;Nordrhein-Westfalen
2017-06-03;5733;5.1;50.10;20;51.697;6.3974;Xanten;Nordrhein-Westfalen
2017-06-04;5733;0.1;50.20;20;51.697;6.3974;Xanten;Nordrhein-Westfalen
2017-06-05;5733;0;50.20;20;51.697;6.3974;Xanten;Nordrhein-Westfalen
2017-06-06;5733;3.2;53.40;20;51.697;6.3974;Xanten;Nordrhein-Westfalen
2017-06-07;5733;1.5;54.90;20;51.697;6.3974;Xanten;Nordrhein-Westfalen
2017-06-08;5733;0.1;55.00;20;51.697;6.3974;Xanten;Nordrhein-Westfalen
2017-06-09;5733;10.8;65.80;20;51.697;6.3974;Xanten;Nordrhein-Westfalen
2017-06-10;5733;0;65.80;20;51.697;6.3974;Xanten;Nordrhein-Westfalen
2017-06-11;5733;0;65.80;20;51.697;6.3974;Xanten;Nordrhein-Westfalen
2017-06-12;5733;0;65.80;20;51.697;6.3974;Xanten;Nordrhein-Westfalen
2017-06-13;5733;0;65.80;20;51.697;6.3974;Xanten;Nordrhein-Westfalen
2017-06-14;5733;0;65.80;20;51.697;6.3974;Xanten;Nordrhein-Westfalen
2017-06-15;5733;0;65.80;20;51.697;6.3974;Xanten;Nordrhein-Westfalen
2017-06-16;5733;0;65.80;20;51.697;6.3974;Xanten;Nordrhein-Westfalen
2017-06-17;5733;0;65.80;20;51.697;6.3974;Xanten;Nordrhein-Westfalen
2017-06-18;5733;0;65.80;20;51.697;6.3974;Xanten;Nordrhein-Westfalen
2017-06-19;5733;0;65.80;20;51.697;6.3974;Xanten;Nordrhein-Westfalen
2017-06-20;5733;0;65.80;20;51.697;6.3974;Xanten;Nordrhein-Westfalen
2017-06-21;5733;0;65.80;20;51.697;6.3974;Xanten;Nordrhein-Westfalen
2017-06-22;5733;28.3;94.10;20;51.697;6.3974;Xanten;Nordrhein-Westfalen
2017-06-23;5733;0;94.10;20;51.697;6.3974;Xanten;Nordrhein-Westfalen
2017-06-24;5733;1.5;95.60;20;51.697;6.3974;Xanten;Nordrhein-Westfalen
2017-06-25;5733;0.2;95.80;20;51.697;6.3974;Xanten;Nordrhein-Westfalen
2017-06-26;5733;0;95.80;20;51.697;6.3974;Xanten;Nordrhein-Westfalen
2017-06-27;5733;2.9;98.70;20;51.697;6.3974;Xanten;Nordrhein-Westfalen
2017-06-28;5733;3.9;102.60;20;51.697;6.3974;Xanten;Nordrhein-Westfalen
2017-06-29;5733;1.5;104.10;20;51.697;6.3974;Xanten;Nordrhein-Westfalen
2017-06-30;5733;7.2;111.30;20;51.697;6.3974;Xanten;Nordrhein-Westfalen
2018-05-01;5733;0;0.00;20;51.697;6.3974;Xanten;Nordrhein-Westfalen
2018-05-02;5733;0;0.00;20;51.697;6.3974;Xanten;Nordrhein-Westfalen
2018-05-03;5733;0;0.00;20;51.697;6.3974;Xanten;Nordrhein-Westfalen
2018-05-04;5733;0;0.00;20;51.697;6.3974;Xanten;Nordrhein-Westfalen
2018-05-05;5733;0;0.00;20;51.697;6.3974;Xanten;Nordrhein-Westfalen
2018-05-06;5733;0;0.00;20;51.697;6.3974;Xanten;Nordrhein-Westfalen
2018-05-07;5733;0;0.00;20;51.697;6.3974;Xanten;Nordrhein-Westfalen
2018-05-08;5733;0;0.00;20;51.697;6.3974;Xanten;Nordrhein-Westfalen
2018-05-09;5733;1.6;1.60;20;51.697;6.3974;Xanten;Nordrhein-Westfalen
2018-05-10;5733;0;1.60;20;51.697;6.3974;Xanten;Nordrhein-Westfalen
2018-05-11;5733;0;1.60;20;51.697;6.3974;Xanten;Nordrhein-Westfalen
2018-05-12;5733;0;1.60;20;51.697;6.3974;Xanten;Nordrhein-Westfalen
2018-05-13;5733;6.3;7.90;20;51.697;6.3974;Xanten;Nordrhein-Westfalen
2018-05-14;5733;0;7.90;20;51.697;6.3974;Xanten;Nordrhein-Westfalen
2018-05-15;5733;0;7.90;20;51.697;6.3974;Xanten;Nordrhein-Westfalen
2018-05-16;5733;0;7.90;20;51.697;6.3974;Xanten;Nordrhein-Westfalen
2018-05-17;5733;0;7.90;20;51.697;6.3974;Xanten;Nordrhein-Westfalen
2018-05-18;5733;0;7.90;20;51.697;6.3974;Xanten;Nordrhein-Westfalen
2018-05-19;5733;0;7.90;20;51.697;6.3974;Xanten;Nordrhein-Westfalen
2018-05-20;5733;0;7.90;20;51.697;6.3974;Xanten;Nordrhein-Westfalen
2018-05-21;5733;6;13.90;20;51.697;6.3974;Xanten;Nordrhein-Westfalen
2018-05-22;5733;0.1;14.00;20;51.697;6.3974;Xanten;Nordrhein-Westfalen
2018-05-23;5733;0.7;14.70;20;51.697;6.3974;Xanten;Nordrhein-Westfalen
2018-05-24;5733;1.8;16.50;20;51.697;6.3974;Xanten;Nordrhein-Westfalen
2018-05-25;5733;0.2;16.70;20;51.697;6.3974;Xanten;Nordrhein-Westfalen
2018-05-26;5733;0;16.70;20;51.697;6.3974;Xanten;Nordrhein-Westfalen
2018-05-27;5733;4.5;21.20;20;51.697;6.3974;Xanten;Nordrhein-Westfalen
2018-05-28;5733;0;21.20;20;51.697;6.3974;Xanten;Nordrhein-Westfalen
2018-05-29;5733;4.1;25.30;20;51.697;6.3974;Xanten;Nordrhein-Westfalen
2018-05-30;5733;0;25.30;20;51.697;6.3974;Xanten;Nordrhein-Westfalen
2018-05-31;5733;0;25.30;20;51.697;6.3974;Xanten;Nordrhein-Westfalen
2018-06-01;5733;7;32.30;20;51.697;6.3974;Xanten;Nordrhein-Westfalen
2018-06-02;5733;0;32.30;20;51.697;6.3974;Xanten;Nordrhein-Westfalen
2018-06-03;5733;0;32.30;20;51.697;6.3974;Xanten;Nordrhein-Westfalen
2018-06-04;5733;0;32.30;20;51.697;6.3974;Xanten;Nordrhein-Westfalen
2018-06-05;5733;0;32.30;20;51.697;6.3974;Xanten;Nordrhein-Westfalen
2018-06-06;5733;0;32.30;20;51.697;6.3974;Xanten;Nordrhein-Westfalen
2018-06-07;5733;2.9;35.20;20;51.697;6.3974;Xanten;Nordrhein-Westfalen
2018-06-08;5733;2.7;37.90;20;51.697;6.3974;Xanten;Nordrhein-Westfalen
2018-06-09;5733;0;37.90;20;51.697;6.3974;Xanten;Nordrhein-Westfalen
2018-06-10;5733;0;37.90;20;51.697;6.3974;Xanten;Nordrhein-Westfalen
2018-06-11;5733;0;37.90;20;51.697;6.3974;Xanten;Nordrhein-Westfalen
2018-06-12;5733;0;37.90;20;51.697;6.3974;Xanten;Nordrhein-Westfalen
2018-06-13;5733;0;37.90;20;51.697;6.3974;Xanten;Nordrhein-Westfalen
2018-06-14;5733;1;38.90;20;51.697;6.3974;Xanten;Nordrhein-Westfalen
2018-06-15;5733;0;38.90;20;51.697;6.3974;Xanten;Nordrhein-Westfalen
2018-06-16;5733;0;38.90;20;51.697;6.3974;Xanten;Nordrhein-Westfalen
2018-06-17;5733;0;38.90;20;51.697;6.3974;Xanten;Nordrhein-Westfalen
2018-06-18;5733;0;38.90;20;51.697;6.3974;Xanten;Nordrhein-Westfalen
2018-06-19;5733;0;38.90;20;51.697;6.3974;Xanten;Nordrhein-Westfalen
2018-06-20;5733;0.7;39.60;20;51.697;6.3974;Xanten;Nordrhein-Westfalen
2018-06-21;5733;0.2;39.80;20;51.697;6.3974;Xanten;Nordrhein-Westfalen
2018-06-22;5733;2.2;42.00;20;51.697;6.3974;Xanten;Nordrhein-Westfalen
2018-06-23;5733;0.5;42.50;20;51.697;6.3974;Xanten;Nordrhein-Westfalen
2018-06-24;5733;0.3;42.80;20;51.697;6.3974;Xanten;Nordrhein-Westfalen
2018-06-25;5733;0;42.80;20;51.697;6.3974;Xanten;Nordrhein-Westfalen
2018-06-26;5733;0;42.80;20;51.697;6.3974;Xanten;Nordrhein-Westfalen
2018-06-27;5733;0;42.80;20;51.697;6.3974;Xanten;Nordrhein-Westfalen
2018-06-28;5733;0;42.80;20;51.697;6.3974;Xanten;Nordrhein-Westfalen
2018-06-29;5733;0;42.80;20;51.697;6.3974;Xanten;Nordrhein-Westfalen
2018-06-30;5733;0;42.80;20;51.697;6.3974;Xanten;Nordrhein-Westfalen
