Buying-Price,Maint-Price,Door-Numbers,Total-Persons,Lug_Boot,Safety,CarClass
4,4,2,2,1,1,Unacceptable
4,4,2,2,1,2,Unacceptable
4,4,2,2,1,3,Unacceptable
4,4,2,2,2,1,Unacceptable
4,4,2,2,2,2,Unacceptable
4,4,2,2,2,3,Unacceptable
4,4,2,2,3,1,Unacceptable
4,4,2,2,3,2,Unacceptable
4,4,2,2,3,3,Unacceptable
4,4,2,4,1,1,Unacceptable
4,4,2,4,1,2,Unacceptable
4,4,2,4,1,3,Unacceptable
4,4,2,4,2,1,Unacceptable
4,4,2,4,2,2,Unacceptable
4,4,2,4,2,3,Unacceptable
4,4,2,4,3,1,Unacceptable
4,4,2,4,3,2,Unacceptable
4,4,2,4,3,3,Unacceptable
4,4,2,5,1,1,Unacceptable
4,4,2,5,1,2,Unacceptable
4,4,2,5,1,3,Unacceptable
4,4,2,5,2,1,Unacceptable
4,4,2,5,2,2,Unacceptable
4,4,2,5,2,3,Unacceptable
4,4,2,5,3,1,Unacceptable
4,4,2,5,3,2,Unacceptable
4,4,2,5,3,3,Unacceptable
4,4,3,2,1,1,Unacceptable
4,4,3,2,1,2,Unacceptable
4,4,3,2,1,3,Unacceptable
4,4,3,2,2,1,Unacceptable
4,4,3,2,2,2,Unacceptable
4,4,3,2,2,3,Unacceptable
4,4,3,2,3,1,Unacceptable
4,4,3,2,3,2,Unacceptable
4,4,3,2,3,3,Unacceptable
4,4,3,4,1,1,Unacceptable
4,4,3,4,1,2,Unacceptable
4,4,3,4,1,3,Unacceptable
4,4,3,4,2,1,Unacceptable
4,4,3,4,2,2,Unacceptable
4,4,3,4,2,3,Unacceptable
4,4,3,4,3,1,Unacceptable
4,4,3,4,3,2,Unacceptable
4,4,3,4,3,3,Unacceptable
4,4,3,5,1,1,Unacceptable
4,4,3,5,1,2,Unacceptable
4,4,3,5,1,3,Unacceptable
4,4,3,5,2,1,Unacceptable
4,4,3,5,2,2,Unacceptable
4,4,3,5,2,3,Unacceptable
4,4,3,5,3,1,Unacceptable
4,4,3,5,3,2,Unacceptable
4,4,3,5,3,3,Unacceptable
4,4,4,2,1,1,Unacceptable
4,4,4,2,1,2,Unacceptable
4,4,4,2,1,3,Unacceptable
4,4,4,2,2,1,Unacceptable
4,4,4,2,2,2,Unacceptable
4,4,4,2,2,3,Unacceptable
4,4,4,2,3,1,Unacceptable
4,4,4,2,3,2,Unacceptable
4,4,4,2,3,3,Unacceptable
4,4,4,4,1,1,Unacceptable
4,4,4,4,1,2,Unacceptable
4,4,4,4,1,3,Unacceptable
4,4,4,4,2,1,Unacceptable
4,4,4,4,2,2,Unacceptable
4,4,4,4,2,3,Unacceptable
4,4,4,4,3,1,Unacceptable
4,4,4,4,3,2,Unacceptable
4,4,4,4,3,3,Unacceptable
4,4,4,5,1,1,Unacceptable
4,4,4,5,1,2,Unacceptable
4,4,4,5,1,3,Unacceptable
4,4,4,5,2,1,Unacceptable
4,4,4,5,2,2,Unacceptable
4,4,4,5,2,3,Unacceptable
4,4,4,5,3,1,Unacceptable
4,4,4,5,3,2,Unacceptable
4,4,4,5,3,3,Unacceptable
4,4,5,2,1,1,Unacceptable
4,4,5,2,1,2,Unacceptable
4,4,5,2,1,3,Unacceptable
4,4,5,2,2,1,Unacceptable
4,4,5,2,2,2,Unacceptable
4,4,5,2,2,3,Unacceptable
4,4,5,2,3,1,Unacceptable
4,4,5,2,3,2,Unacceptable
4,4,5,2,3,3,Unacceptable
4,4,5,4,1,1,Unacceptable
4,4,5,4,1,2,Unacceptable
4,4,5,4,1,3,Unacceptable
4,4,5,4,2,1,Unacceptable
4,4,5,4,2,2,Unacceptable
4,4,5,4,2,3,Unacceptable
4,4,5,4,3,1,Unacceptable
4,4,5,4,3,2,Unacceptable
4,4,5,4,3,3,Unacceptable
4,4,5,5,1,1,Unacceptable
4,4,5,5,1,2,Unacceptable
4,4,5,5,1,3,Unacceptable
4,4,5,5,2,1,Unacceptable
4,4,5,5,2,2,Unacceptable
4,4,5,5,2,3,Unacceptable
4,4,5,5,3,1,Unacceptable
4,4,5,5,3,2,Unacceptable
4,4,5,5,3,3,Unacceptable
4,3,2,2,1,1,Unacceptable
4,3,2,2,1,2,Unacceptable
4,3,2,2,1,3,Unacceptable
4,3,2,2,2,1,Unacceptable
4,3,2,2,2,2,Unacceptable
4,3,2,2,2,3,Unacceptable
4,3,2,2,3,1,Unacceptable
4,3,2,2,3,2,Unacceptable
4,3,2,2,3,3,Unacceptable
4,3,2,4,1,1,Unacceptable
4,3,2,4,1,2,Unacceptable
4,3,2,4,1,3,Unacceptable
4,3,2,4,2,1,Unacceptable
4,3,2,4,2,2,Unacceptable
4,3,2,4,2,3,Unacceptable
4,3,2,4,3,1,Unacceptable
4,3,2,4,3,2,Unacceptable
4,3,2,4,3,3,Unacceptable
4,3,2,5,1,1,Unacceptable
4,3,2,5,1,2,Unacceptable
4,3,2,5,1,3,Unacceptable
4,3,2,5,2,1,Unacceptable
4,3,2,5,2,2,Unacceptable
4,3,2,5,2,3,Unacceptable
4,3,2,5,3,1,Unacceptable
4,3,2,5,3,2,Unacceptable
4,3,2,5,3,3,Unacceptable
4,3,3,2,1,1,Unacceptable
4,3,3,2,1,2,Unacceptable
4,3,3,2,1,3,Unacceptable
4,3,3,2,2,1,Unacceptable
4,3,3,2,2,2,Unacceptable
4,3,3,2,2,3,Unacceptable
4,3,3,2,3,1,Unacceptable
4,3,3,2,3,2,Unacceptable
4,3,3,2,3,3,Unacceptable
4,3,3,4,1,1,Unacceptable
4,3,3,4,1,2,Unacceptable
4,3,3,4,1,3,Unacceptable
4,3,3,4,2,1,Unacceptable
4,3,3,4,2,2,Unacceptable
4,3,3,4,2,3,Unacceptable
4,3,3,4,3,1,Unacceptable
4,3,3,4,3,2,Unacceptable
4,3,3,4,3,3,Unacceptable
4,3,3,5,1,1,Unacceptable
4,3,3,5,1,2,Unacceptable
4,3,3,5,1,3,Unacceptable
4,3,3,5,2,1,Unacceptable
4,3,3,5,2,2,Unacceptable
4,3,3,5,2,3,Unacceptable
4,3,3,5,3,1,Unacceptable
4,3,3,5,3,2,Unacceptable
4,3,3,5,3,3,Unacceptable
4,3,4,2,1,1,Unacceptable
4,3,4,2,1,2,Unacceptable
4,3,4,2,1,3,Unacceptable
4,3,4,2,2,1,Unacceptable
4,3,4,2,2,2,Unacceptable
4,3,4,2,2,3,Unacceptable
4,3,4,2,3,1,Unacceptable
4,3,4,2,3,2,Unacceptable
4,3,4,2,3,3,Unacceptable
4,3,4,4,1,1,Unacceptable
4,3,4,4,1,2,Unacceptable
4,3,4,4,1,3,Unacceptable
4,3,4,4,2,1,Unacceptable
4,3,4,4,2,2,Unacceptable
4,3,4,4,2,3,Unacceptable
4,3,4,4,3,1,Unacceptable
4,3,4,4,3,2,Unacceptable
4,3,4,4,3,3,Unacceptable
4,3,4,5,1,1,Unacceptable
4,3,4,5,1,2,Unacceptable
4,3,4,5,1,3,Unacceptable
4,3,4,5,2,1,Unacceptable
4,3,4,5,2,2,Unacceptable
4,3,4,5,2,3,Unacceptable
4,3,4,5,3,1,Unacceptable
4,3,4,5,3,2,Unacceptable
4,3,4,5,3,3,Unacceptable
4,3,5,2,1,1,Unacceptable
4,3,5,2,1,2,Unacceptable
4,3,5,2,1,3,Unacceptable
4,3,5,2,2,1,Unacceptable
4,3,5,2,2,2,Unacceptable
4,3,5,2,2,3,Unacceptable
4,3,5,2,3,1,Unacceptable
4,3,5,2,3,2,Unacceptable
4,3,5,2,3,3,Unacceptable
4,3,5,4,1,1,Unacceptable
4,3,5,4,1,2,Unacceptable
4,3,5,4,1,3,Unacceptable
4,3,5,4,2,1,Unacceptable
4,3,5,4,2,2,Unacceptable
4,3,5,4,2,3,Unacceptable
4,3,5,4,3,1,Unacceptable
4,3,5,4,3,2,Unacceptable
4,3,5,4,3,3,Unacceptable
4,3,5,5,1,1,Unacceptable
4,3,5,5,1,2,Unacceptable
4,3,5,5,1,3,Unacceptable
4,3,5,5,2,1,Unacceptable
4,3,5,5,2,2,Unacceptable
4,3,5,5,2,3,Unacceptable
4,3,5,5,3,1,Unacceptable
4,3,5,5,3,2,Unacceptable
4,3,5,5,3,3,Unacceptable
4,2,2,2,1,1,Unacceptable
4,2,2,2,1,2,Unacceptable
4,2,2,2,1,3,Unacceptable
4,2,2,2,2,1,Unacceptable
4,2,2,2,2,2,Unacceptable
4,2,2,2,2,3,Unacceptable
4,2,2,2,3,1,Unacceptable
4,2,2,2,3,2,Unacceptable
4,2,2,2,3,3,Unacceptable
4,2,2,4,1,1,Unacceptable
4,2,2,4,1,2,Unacceptable
4,2,2,4,1,3,Acceptable
4,2,2,4,2,1,Unacceptable
4,2,2,4,2,2,Unacceptable
4,2,2,4,2,3,Acceptable
4,2,2,4,3,1,Unacceptable
4,2,2,4,3,2,Acceptable
4,2,2,4,3,3,Acceptable
4,2,2,5,1,1,Unacceptable
4,2,2,5,1,2,Unacceptable
4,2,2,5,1,3,Unacceptable
4,2,2,5,2,1,Unacceptable
4,2,2,5,2,2,Unacceptable
4,2,2,5,2,3,Acceptable
4,2,2,5,3,1,Unacceptable
4,2,2,5,3,2,Acceptable
4,2,2,5,3,3,Acceptable
4,2,3,2,1,1,Unacceptable
4,2,3,2,1,2,Unacceptable
4,2,3,2,1,3,Unacceptable
4,2,3,2,2,1,Unacceptable
4,2,3,2,2,2,Unacceptable
4,2,3,2,2,3,Unacceptable
4,2,3,2,3,1,Unacceptable
4,2,3,2,3,2,Unacceptable
4,2,3,2,3,3,Unacceptable
4,2,3,4,1,1,Unacceptable
4,2,3,4,1,2,Unacceptable
4,2,3,4,1,3,Acceptable
4,2,3,4,2,1,Unacceptable
4,2,3,4,2,2,Unacceptable
4,2,3,4,2,3,Acceptable
4,2,3,4,3,1,Unacceptable
4,2,3,4,3,2,Acceptable
4,2,3,4,3,3,Acceptable
4,2,3,5,1,1,Unacceptable
4,2,3,5,1,2,Unacceptable
4,2,3,5,1,3,Acceptable
4,2,3,5,2,1,Unacceptable
4,2,3,5,2,2,Acceptable
4,2,3,5,2,3,Acceptable
4,2,3,5,3,1,Unacceptable
4,2,3,5,3,2,Acceptable
4,2,3,5,3,3,Acceptable
4,2,4,2,1,1,Unacceptable
4,2,4,2,1,2,Unacceptable
4,2,4,2,1,3,Unacceptable
4,2,4,2,2,1,Unacceptable
4,2,4,2,2,2,Unacceptable
4,2,4,2,2,3,Unacceptable
4,2,4,2,3,1,Unacceptable
4,2,4,2,3,2,Unacceptable
4,2,4,2,3,3,Unacceptable
4,2,4,4,1,1,Unacceptable
4,2,4,4,1,2,Unacceptable
4,2,4,4,1,3,Acceptable
4,2,4,4,2,1,Unacceptable
4,2,4,4,2,2,Acceptable
4,2,4,4,2,3,Acceptable
4,2,4,4,3,1,Unacceptable
4,2,4,4,3,2,Acceptable
4,2,4,4,3,3,Acceptable
4,2,4,5,1,1,Unacceptable
4,2,4,5,1,2,Unacceptable
4,2,4,5,1,3,Acceptable
4,2,4,5,2,1,Unacceptable
4,2,4,5,2,2,Acceptable
4,2,4,5,2,3,Acceptable
4,2,4,5,3,1,Unacceptable
4,2,4,5,3,2,Acceptable
4,2,4,5,3,3,Acceptable
4,2,5,2,1,1,Unacceptable
4,2,5,2,1,2,Unacceptable
4,2,5,2,1,3,Unacceptable
4,2,5,2,2,1,Unacceptable
4,2,5,2,2,2,Unacceptable
4,2,5,2,2,3,Unacceptable
4,2,5,2,3,1,Unacceptable
4,2,5,2,3,2,Unacceptable
4,2,5,2,3,3,Unacceptable
4,2,5,4,1,1,Unacceptable
4,2,5,4,1,2,Unacceptable
4,2,5,4,1,3,Acceptable
4,2,5,4,2,1,Unacceptable
4,2,5,4,2,2,Acceptable
4,2,5,4,2,3,Acceptable
4,2,5,4,3,1,Unacceptable
4,2,5,4,3,2,Acceptable
4,2,5,4,3,3,Acceptable
4,2,5,5,1,1,Unacceptable
4,2,5,5,1,2,Unacceptable
4,2,5,5,1,3,Acceptable
4,2,5,5,2,1,Unacceptable
4,2,5,5,2,2,Acceptable
4,2,5,5,2,3,Acceptable
4,2,5,5,3,1,Unacceptable
4,2,5,5,3,2,Acceptable
4,2,5,5,3,3,Acceptable
4,1,2,2,1,1,Unacceptable
4,1,2,2,1,2,Unacceptable
4,1,2,2,1,3,Unacceptable
4,1,2,2,2,1,Unacceptable
4,1,2,2,2,2,Unacceptable
4,1,2,2,2,3,Unacceptable
4,1,2,2,3,1,Unacceptable
4,1,2,2,3,2,Unacceptable
4,1,2,2,3,3,Unacceptable
4,1,2,4,1,1,Unacceptable
4,1,2,4,1,2,Unacceptable
4,1,2,4,1,3,Acceptable
4,1,2,4,2,1,Unacceptable
4,1,2,4,2,2,Unacceptable
4,1,2,4,2,3,Acceptable
4,1,2,4,3,1,Unacceptable
4,1,2,4,3,2,Acceptable
4,1,2,4,3,3,Acceptable
4,1,2,5,1,1,Unacceptable
4,1,2,5,1,2,Unacceptable
4,1,2,5,1,3,Unacceptable
4,1,2,5,2,1,Unacceptable
4,1,2,5,2,2,Unacceptable
4,1,2,5,2,3,Acceptable
4,1,2,5,3,1,Unacceptable
4,1,2,5,3,2,Acceptable
4,1,2,5,3,3,Acceptable
4,1,3,2,1,1,Unacceptable
4,1,3,2,1,2,Unacceptable
4,1,3,2,1,3,Unacceptable
4,1,3,2,2,1,Unacceptable
4,1,3,2,2,2,Unacceptable
4,1,3,2,2,3,Unacceptable
4,1,3,2,3,1,Unacceptable
4,1,3,2,3,2,Unacceptable
4,1,3,2,3,3,Unacceptable
4,1,3,4,1,1,Unacceptable
4,1,3,4,1,2,Unacceptable
4,1,3,4,1,3,Acceptable
4,1,3,4,2,1,Unacceptable
4,1,3,4,2,2,Unacceptable
4,1,3,4,2,3,Acceptable
4,1,3,4,3,1,Unacceptable
4,1,3,4,3,2,Acceptable
4,1,3,4,3,3,Acceptable
4,1,3,5,1,1,Unacceptable
4,1,3,5,1,2,Unacceptable
4,1,3,5,1,3,Acceptable
4,1,3,5,2,1,Unacceptable
4,1,3,5,2,2,Acceptable
4,1,3,5,2,3,Acceptable
4,1,3,5,3,1,Unacceptable
4,1,3,5,3,2,Acceptable
4,1,3,5,3,3,Acceptable
4,1,4,2,1,1,Unacceptable
4,1,4,2,1,2,Unacceptable
4,1,4,2,1,3,Unacceptable
4,1,4,2,2,1,Unacceptable
4,1,4,2,2,2,Unacceptable
4,1,4,2,2,3,Unacceptable
4,1,4,2,3,1,Unacceptable
4,1,4,2,3,2,Unacceptable
4,1,4,2,3,3,Unacceptable
4,1,4,4,1,1,Unacceptable
4,1,4,4,1,2,Unacceptable
4,1,4,4,1,3,Acceptable
4,1,4,4,2,1,Unacceptable
4,1,4,4,2,2,Acceptable
4,1,4,4,2,3,Acceptable
4,1,4,4,3,1,Unacceptable
4,1,4,4,3,2,Acceptable
4,1,4,4,3,3,Acceptable
4,1,4,5,1,1,Unacceptable
4,1,4,5,1,2,Unacceptable
4,1,4,5,1,3,Acceptable
4,1,4,5,2,1,Unacceptable
4,1,4,5,2,2,Acceptable
4,1,4,5,2,3,Acceptable
4,1,4,5,3,1,Unacceptable
4,1,4,5,3,2,Acceptable
4,1,4,5,3,3,Acceptable
4,1,5,2,1,1,Unacceptable
4,1,5,2,1,2,Unacceptable
4,1,5,2,1,3,Unacceptable
4,1,5,2,2,1,Unacceptable
4,1,5,2,2,2,Unacceptable
4,1,5,2,2,3,Unacceptable
4,1,5,2,3,1,Unacceptable
4,1,5,2,3,2,Unacceptable
4,1,5,2,3,3,Unacceptable
4,1,5,4,1,1,Unacceptable
4,1,5,4,1,2,Unacceptable
4,1,5,4,1,3,Acceptable
4,1,5,4,2,1,Unacceptable
4,1,5,4,2,2,Acceptable
4,1,5,4,2,3,Acceptable
4,1,5,4,3,1,Unacceptable
4,1,5,4,3,2,Acceptable
4,1,5,4,3,3,Acceptable
4,1,5,5,1,1,Unacceptable
4,1,5,5,1,2,Unacceptable
4,1,5,5,1,3,Acceptable
4,1,5,5,2,1,Unacceptable
4,1,5,5,2,2,Acceptable
4,1,5,5,2,3,Acceptable
4,1,5,5,3,1,Unacceptable
4,1,5,5,3,2,Acceptable
4,1,5,5,3,3,Acceptable
3,4,2,2,1,1,Unacceptable
3,4,2,2,1,2,Unacceptable
3,4,2,2,1,3,Unacceptable
3,4,2,2,2,1,Unacceptable
3,4,2,2,2,2,Unacceptable
3,4,2,2,2,3,Unacceptable
3,4,2,2,3,1,Unacceptable
3,4,2,2,3,2,Unacceptable
3,4,2,2,3,3,Unacceptable
3,4,2,4,1,1,Unacceptable
3,4,2,4,1,2,Unacceptable
3,4,2,4,1,3,Unacceptable
3,4,2,4,2,1,Unacceptable
3,4,2,4,2,2,Unacceptable
3,4,2,4,2,3,Unacceptable
3,4,2,4,3,1,Unacceptable
3,4,2,4,3,2,Unacceptable
3,4,2,4,3,3,Unacceptable
3,4,2,5,1,1,Unacceptable
3,4,2,5,1,2,Unacceptable
3,4,2,5,1,3,Unacceptable
3,4,2,5,2,1,Unacceptable
3,4,2,5,2,2,Unacceptable
3,4,2,5,2,3,Unacceptable
3,4,2,5,3,1,Unacceptable
3,4,2,5,3,2,Unacceptable
3,4,2,5,3,3,Unacceptable
3,4,3,2,1,1,Unacceptable
3,4,3,2,1,2,Unacceptable
3,4,3,2,1,3,Unacceptable
3,4,3,2,2,1,Unacceptable
3,4,3,2,2,2,Unacceptable
3,4,3,2,2,3,Unacceptable
3,4,3,2,3,1,Unacceptable
3,4,3,2,3,2,Unacceptable
3,4,3,2,3,3,Unacceptable
3,4,3,4,1,1,Unacceptable
3,4,3,4,1,2,Unacceptable
3,4,3,4,1,3,Unacceptable
3,4,3,4,2,1,Unacceptable
3,4,3,4,2,2,Unacceptable
3,4,3,4,2,3,Unacceptable
3,4,3,4,3,1,Unacceptable
3,4,3,4,3,2,Unacceptable
3,4,3,4,3,3,Unacceptable
3,4,3,5,1,1,Unacceptable
3,4,3,5,1,2,Unacceptable
3,4,3,5,1,3,Unacceptable
3,4,3,5,2,1,Unacceptable
3,4,3,5,2,2,Unacceptable
3,4,3,5,2,3,Unacceptable
3,4,3,5,3,1,Unacceptable
3,4,3,5,3,2,Unacceptable
3,4,3,5,3,3,Unacceptable
3,4,4,2,1,1,Unacceptable
3,4,4,2,1,2,Unacceptable
3,4,4,2,1,3,Unacceptable
3,4,4,2,2,1,Unacceptable
3,4,4,2,2,2,Unacceptable
3,4,4,2,2,3,Unacceptable
3,4,4,2,3,1,Unacceptable
3,4,4,2,3,2,Unacceptable
3,4,4,2,3,3,Unacceptable
3,4,4,4,1,1,Unacceptable
3,4,4,4,1,2,Unacceptable
3,4,4,4,1,3,Unacceptable
3,4,4,4,2,1,Unacceptable
3,4,4,4,2,2,Unacceptable
3,4,4,4,2,3,Unacceptable
3,4,4,4,3,1,Unacceptable
3,4,4,4,3,2,Unacceptable
3,4,4,4,3,3,Unacceptable
3,4,4,5,1,1,Unacceptable
3,4,4,5,1,2,Unacceptable
3,4,4,5,1,3,Unacceptable
3,4,4,5,2,1,Unacceptable
3,4,4,5,2,2,Unacceptable
3,4,4,5,2,3,Unacceptable
3,4,4,5,3,1,Unacceptable
3,4,4,5,3,2,Unacceptable
3,4,4,5,3,3,Unacceptable
3,4,5,2,1,1,Unacceptable
3,4,5,2,1,2,Unacceptable
3,4,5,2,1,3,Unacceptable
3,4,5,2,2,1,Unacceptable
3,4,5,2,2,2,Unacceptable
3,4,5,2,2,3,Unacceptable
3,4,5,2,3,1,Unacceptable
3,4,5,2,3,2,Unacceptable
3,4,5,2,3,3,Unacceptable
3,4,5,4,1,1,Unacceptable
3,4,5,4,1,2,Unacceptable
3,4,5,4,1,3,Unacceptable
3,4,5,4,2,1,Unacceptable
3,4,5,4,2,2,Unacceptable
3,4,5,4,2,3,Unacceptable
3,4,5,4,3,1,Unacceptable
3,4,5,4,3,2,Unacceptable
3,4,5,4,3,3,Unacceptable
3,4,5,5,1,1,Unacceptable
3,4,5,5,1,2,Unacceptable
3,4,5,5,1,3,Unacceptable
3,4,5,5,2,1,Unacceptable
3,4,5,5,2,2,Unacceptable
3,4,5,5,2,3,Unacceptable
3,4,5,5,3,1,Unacceptable
3,4,5,5,3,2,Unacceptable
3,4,5,5,3,3,Unacceptable
3,3,2,2,1,1,Unacceptable
3,3,2,2,1,2,Unacceptable
3,3,2,2,1,3,Unacceptable
3,3,2,2,2,1,Unacceptable
3,3,2,2,2,2,Unacceptable
3,3,2,2,2,3,Unacceptable
3,3,2,2,3,1,Unacceptable
3,3,2,2,3,2,Unacceptable
3,3,2,2,3,3,Unacceptable
3,3,2,4,1,1,Unacceptable
3,3,2,4,1,2,Unacceptable
3,3,2,4,1,3,Acceptable
3,3,2,4,2,1,Unacceptable
3,3,2,4,2,2,Unacceptable
3,3,2,4,2,3,Acceptable
3,3,2,4,3,1,Unacceptable
3,3,2,4,3,2,Acceptable
3,3,2,4,3,3,Acceptable
3,3,2,5,1,1,Unacceptable
3,3,2,5,1,2,Unacceptable
3,3,2,5,1,3,Unacceptable
3,3,2,5,2,1,Unacceptable
3,3,2,5,2,2,Unacceptable
3,3,2,5,2,3,Acceptable
3,3,2,5,3,1,Unacceptable
3,3,2,5,3,2,Acceptable
3,3,2,5,3,3,Acceptable
3,3,3,2,1,1,Unacceptable
3,3,3,2,1,2,Unacceptable
3,3,3,2,1,3,Unacceptable
3,3,3,2,2,1,Unacceptable
3,3,3,2,2,2,Unacceptable
3,3,3,2,2,3,Unacceptable
3,3,3,2,3,1,Unacceptable
3,3,3,2,3,2,Unacceptable
3,3,3,2,3,3,Unacceptable
3,3,3,4,1,1,Unacceptable
3,3,3,4,1,2,Unacceptable
3,3,3,4,1,3,Acceptable
3,3,3,4,2,1,Unacceptable
3,3,3,4,2,2,Unacceptable
3,3,3,4,2,3,Acceptable
3,3,3,4,3,1,Unacceptable
3,3,3,4,3,2,Acceptable
3,3,3,4,3,3,Acceptable
3,3,3,5,1,1,Unacceptable
3,3,3,5,1,2,Unacceptable
3,3,3,5,1,3,Acceptable
3,3,3,5,2,1,Unacceptable
3,3,3,5,2,2,Acceptable
3,3,3,5,2,3,Acceptable
3,3,3,5,3,1,Unacceptable
3,3,3,5,3,2,Acceptable
3,3,3,5,3,3,Acceptable
3,3,4,2,1,1,Unacceptable
3,3,4,2,1,2,Unacceptable
3,3,4,2,1,3,Unacceptable
3,3,4,2,2,1,Unacceptable
3,3,4,2,2,2,Unacceptable
3,3,4,2,2,3,Unacceptable
3,3,4,2,3,1,Unacceptable
3,3,4,2,3,2,Unacceptable
3,3,4,2,3,3,Unacceptable
3,3,4,4,1,1,Unacceptable
3,3,4,4,1,2,Unacceptable
3,3,4,4,1,3,Acceptable
3,3,4,4,2,1,Unacceptable
3,3,4,4,2,2,Acceptable
3,3,4,4,2,3,Acceptable
3,3,4,4,3,1,Unacceptable
3,3,4,4,3,2,Acceptable
3,3,4,4,3,3,Acceptable
3,3,4,5,1,1,Unacceptable
3,3,4,5,1,2,Unacceptable
3,3,4,5,1,3,Acceptable
3,3,4,5,2,1,Unacceptable
3,3,4,5,2,2,Acceptable
3,3,4,5,2,3,Acceptable
3,3,4,5,3,1,Unacceptable
3,3,4,5,3,2,Acceptable
3,3,4,5,3,3,Acceptable
3,3,5,2,1,1,Unacceptable
3,3,5,2,1,2,Unacceptable
3,3,5,2,1,3,Unacceptable
3,3,5,2,2,1,Unacceptable
3,3,5,2,2,2,Unacceptable
3,3,5,2,2,3,Unacceptable
3,3,5,2,3,1,Unacceptable
3,3,5,2,3,2,Unacceptable
3,3,5,2,3,3,Unacceptable
3,3,5,4,1,1,Unacceptable
3,3,5,4,1,2,Unacceptable
3,3,5,4,1,3,Acceptable
3,3,5,4,2,1,Unacceptable
3,3,5,4,2,2,Acceptable
3,3,5,4,2,3,Acceptable
3,3,5,4,3,1,Unacceptable
3,3,5,4,3,2,Acceptable
3,3,5,4,3,3,Acceptable
3,3,5,5,1,1,Unacceptable
3,3,5,5,1,2,Unacceptable
3,3,5,5,1,3,Acceptable
3,3,5,5,2,1,Unacceptable
3,3,5,5,2,2,Acceptable
3,3,5,5,2,3,Acceptable
3,3,5,5,3,1,Unacceptable
3,3,5,5,3,2,Acceptable
3,3,5,5,3,3,Acceptable
3,2,2,2,1,1,Unacceptable
3,2,2,2,1,2,Unacceptable
3,2,2,2,1,3,Unacceptable
3,2,2,2,2,1,Unacceptable
3,2,2,2,2,2,Unacceptable
3,2,2,2,2,3,Unacceptable
3,2,2,2,3,1,Unacceptable
3,2,2,2,3,2,Unacceptable
3,2,2,2,3,3,Unacceptable
3,2,2,4,1,1,Unacceptable
3,2,2,4,1,2,Unacceptable
3,2,2,4,1,3,Acceptable
3,2,2,4,2,1,Unacceptable
3,2,2,4,2,2,Unacceptable
3,2,2,4,2,3,Acceptable
3,2,2,4,3,1,Unacceptable
3,2,2,4,3,2,Acceptable
3,2,2,4,3,3,Acceptable
3,2,2,5,1,1,Unacceptable
3,2,2,5,1,2,Unacceptable
3,2,2,5,1,3,Unacceptable
3,2,2,5,2,1,Unacceptable
3,2,2,5,2,2,Unacceptable
3,2,2,5,2,3,Acceptable
3,2,2,5,3,1,Unacceptable
3,2,2,5,3,2,Acceptable
3,2,2,5,3,3,Acceptable
3,2,3,2,1,1,Unacceptable
3,2,3,2,1,2,Unacceptable
3,2,3,2,1,3,Unacceptable
3,2,3,2,2,1,Unacceptable
3,2,3,2,2,2,Unacceptable
3,2,3,2,2,3,Unacceptable
3,2,3,2,3,1,Unacceptable
3,2,3,2,3,2,Unacceptable
3,2,3,2,3,3,Unacceptable
3,2,3,4,1,1,Unacceptable
3,2,3,4,1,2,Unacceptable
3,2,3,4,1,3,Acceptable
3,2,3,4,2,1,Unacceptable
3,2,3,4,2,2,Unacceptable
3,2,3,4,2,3,Acceptable
3,2,3,4,3,1,Unacceptable
3,2,3,4,3,2,Acceptable
3,2,3,4,3,3,Acceptable
3,2,3,5,1,1,Unacceptable
3,2,3,5,1,2,Unacceptable
3,2,3,5,1,3,Acceptable
3,2,3,5,2,1,Unacceptable
3,2,3,5,2,2,Acceptable
3,2,3,5,2,3,Acceptable
3,2,3,5,3,1,Unacceptable
3,2,3,5,3,2,Acceptable
3,2,3,5,3,3,Acceptable
3,2,4,2,1,1,Unacceptable
3,2,4,2,1,2,Unacceptable
3,2,4,2,1,3,Unacceptable
3,2,4,2,2,1,Unacceptable
3,2,4,2,2,2,Unacceptable
3,2,4,2,2,3,Unacceptable
3,2,4,2,3,1,Unacceptable
3,2,4,2,3,2,Unacceptable
3,2,4,2,3,3,Unacceptable
3,2,4,4,1,1,Unacceptable
3,2,4,4,1,2,Unacceptable
3,2,4,4,1,3,Acceptable
3,2,4,4,2,1,Unacceptable
3,2,4,4,2,2,Acceptable
3,2,4,4,2,3,Acceptable
3,2,4,4,3,1,Unacceptable
3,2,4,4,3,2,Acceptable
3,2,4,4,3,3,Acceptable
3,2,4,5,1,1,Unacceptable
3,2,4,5,1,2,Unacceptable
3,2,4,5,1,3,Acceptable
3,2,4,5,2,1,Unacceptable
3,2,4,5,2,2,Acceptable
3,2,4,5,2,3,Acceptable
3,2,4,5,3,1,Unacceptable
3,2,4,5,3,2,Acceptable
3,2,4,5,3,3,Acceptable
3,2,5,2,1,1,Unacceptable
3,2,5,2,1,2,Unacceptable
3,2,5,2,1,3,Unacceptable
3,2,5,2,2,1,Unacceptable
3,2,5,2,2,2,Unacceptable
3,2,5,2,2,3,Unacceptable
3,2,5,2,3,1,Unacceptable
3,2,5,2,3,2,Unacceptable
3,2,5,2,3,3,Unacceptable
3,2,5,4,1,1,Unacceptable
3,2,5,4,1,2,Unacceptable
3,2,5,4,1,3,Acceptable
3,2,5,4,2,1,Unacceptable
3,2,5,4,2,2,Acceptable
3,2,5,4,2,3,Acceptable
3,2,5,4,3,1,Unacceptable
3,2,5,4,3,2,Acceptable
3,2,5,4,3,3,Acceptable
3,2,5,5,1,1,Unacceptable
3,2,5,5,1,2,Unacceptable
3,2,5,5,1,3,Acceptable
3,2,5,5,2,1,Unacceptable
3,2,5,5,2,2,Acceptable
3,2,5,5,2,3,Acceptable
3,2,5,5,3,1,Unacceptable
3,2,5,5,3,2,Acceptable
3,2,5,5,3,3,Acceptable
3,1,2,2,1,1,Unacceptable
3,1,2,2,1,2,Unacceptable
3,1,2,2,1,3,Unacceptable
3,1,2,2,2,1,Unacceptable
3,1,2,2,2,2,Unacceptable
3,1,2,2,2,3,Unacceptable
3,1,2,2,3,1,Unacceptable
3,1,2,2,3,2,Unacceptable
3,1,2,2,3,3,Unacceptable
3,1,2,4,1,1,Unacceptable
3,1,2,4,1,2,Unacceptable
3,1,2,4,1,3,Acceptable
3,1,2,4,2,1,Unacceptable
3,1,2,4,2,2,Unacceptable
3,1,2,4,2,3,Acceptable
3,1,2,4,3,1,Unacceptable
3,1,2,4,3,2,Acceptable
3,1,2,4,3,3,Acceptable
3,1,2,5,1,1,Unacceptable
3,1,2,5,1,2,Unacceptable
3,1,2,5,1,3,Unacceptable
3,1,2,5,2,1,Unacceptable
3,1,2,5,2,2,Unacceptable
3,1,2,5,2,3,Acceptable
3,1,2,5,3,1,Unacceptable
3,1,2,5,3,2,Acceptable
3,1,2,5,3,3,Acceptable
3,1,3,2,1,1,Unacceptable
3,1,3,2,1,2,Unacceptable
3,1,3,2,1,3,Unacceptable
3,1,3,2,2,1,Unacceptable
3,1,3,2,2,2,Unacceptable
3,1,3,2,2,3,Unacceptable
3,1,3,2,3,1,Unacceptable
3,1,3,2,3,2,Unacceptable
3,1,3,2,3,3,Unacceptable
3,1,3,4,1,1,Unacceptable
3,1,3,4,1,2,Unacceptable
3,1,3,4,1,3,Acceptable
3,1,3,4,2,1,Unacceptable
3,1,3,4,2,2,Unacceptable
3,1,3,4,2,3,Acceptable
3,1,3,4,3,1,Unacceptable
3,1,3,4,3,2,Acceptable
3,1,3,4,3,3,Acceptable
3,1,3,5,1,1,Unacceptable
3,1,3,5,1,2,Unacceptable
3,1,3,5,1,3,Acceptable
3,1,3,5,2,1,Unacceptable
3,1,3,5,2,2,Acceptable
3,1,3,5,2,3,Acceptable
3,1,3,5,3,1,Unacceptable
3,1,3,5,3,2,Acceptable
3,1,3,5,3,3,Acceptable
3,1,4,2,1,1,Unacceptable
3,1,4,2,1,2,Unacceptable
3,1,4,2,1,3,Unacceptable
3,1,4,2,2,1,Unacceptable
3,1,4,2,2,2,Unacceptable
3,1,4,2,2,3,Unacceptable
3,1,4,2,3,1,Unacceptable
3,1,4,2,3,2,Unacceptable
3,1,4,2,3,3,Unacceptable
3,1,4,4,1,1,Unacceptable
3,1,4,4,1,2,Unacceptable
3,1,4,4,1,3,Acceptable
3,1,4,4,2,1,Unacceptable
3,1,4,4,2,2,Acceptable
3,1,4,4,2,3,Acceptable
3,1,4,4,3,1,Unacceptable
3,1,4,4,3,2,Acceptable
3,1,4,4,3,3,Acceptable
3,1,4,5,1,1,Unacceptable
3,1,4,5,1,2,Unacceptable
3,1,4,5,1,3,Acceptable
3,1,4,5,2,1,Unacceptable
3,1,4,5,2,2,Acceptable
3,1,4,5,2,3,Acceptable
3,1,4,5,3,1,Unacceptable
3,1,4,5,3,2,Acceptable
3,1,4,5,3,3,Acceptable
3,1,5,2,1,1,Unacceptable
3,1,5,2,1,2,Unacceptable
3,1,5,2,1,3,Unacceptable
3,1,5,2,2,1,Unacceptable
3,1,5,2,2,2,Unacceptable
3,1,5,2,2,3,Unacceptable
3,1,5,2,3,1,Unacceptable
3,1,5,2,3,2,Unacceptable
3,1,5,2,3,3,Unacceptable
3,1,5,4,1,1,Unacceptable
3,1,5,4,1,2,Unacceptable
3,1,5,4,1,3,Acceptable
3,1,5,4,2,1,Unacceptable
3,1,5,4,2,2,Acceptable
3,1,5,4,2,3,Acceptable
3,1,5,4,3,1,Unacceptable
3,1,5,4,3,2,Acceptable
3,1,5,4,3,3,Acceptable
3,1,5,5,1,1,Unacceptable
3,1,5,5,1,2,Unacceptable
3,1,5,5,1,3,Acceptable
3,1,5,5,2,1,Unacceptable
3,1,5,5,2,2,Acceptable
3,1,5,5,2,3,Acceptable
3,1,5,5,3,1,Unacceptable
3,1,5,5,3,2,Acceptable
3,1,5,5,3,3,Acceptable
2,4,2,2,1,1,Unacceptable
2,4,2,2,1,2,Unacceptable
2,4,2,2,1,3,Unacceptable
2,4,2,2,2,1,Unacceptable
2,4,2,2,2,2,Unacceptable
2,4,2,2,2,3,Unacceptable
2,4,2,2,3,1,Unacceptable
2,4,2,2,3,2,Unacceptable
2,4,2,2,3,3,Unacceptable
2,4,2,4,1,1,Unacceptable
2,4,2,4,1,2,Unacceptable
2,4,2,4,1,3,Acceptable
2,4,2,4,2,1,Unacceptable
2,4,2,4,2,2,Unacceptable
2,4,2,4,2,3,Acceptable
2,4,2,4,3,1,Unacceptable
2,4,2,4,3,2,Acceptable
2,4,2,4,3,3,Acceptable
2,4,2,5,1,1,Unacceptable
2,4,2,5,1,2,Unacceptable
2,4,2,5,1,3,Unacceptable
2,4,2,5,2,1,Unacceptable
2,4,2,5,2,2,Unacceptable
2,4,2,5,2,3,Acceptable
2,4,2,5,3,1,Unacceptable
2,4,2,5,3,2,Acceptable
2,4,2,5,3,3,Acceptable
2,4,3,2,1,1,Unacceptable
2,4,3,2,1,2,Unacceptable
2,4,3,2,1,3,Unacceptable
2,4,3,2,2,1,Unacceptable
2,4,3,2,2,2,Unacceptable
2,4,3,2,2,3,Unacceptable
2,4,3,2,3,1,Unacceptable
2,4,3,2,3,2,Unacceptable
2,4,3,2,3,3,Unacceptable
2,4,3,4,1,1,Unacceptable
2,4,3,4,1,2,Unacceptable
2,4,3,4,1,3,Acceptable
2,4,3,4,2,1,Unacceptable
2,4,3,4,2,2,Unacceptable
2,4,3,4,2,3,Acceptable
2,4,3,4,3,1,Unacceptable
2,4,3,4,3,2,Acceptable
2,4,3,4,3,3,Acceptable
2,4,3,5,1,1,Unacceptable
2,4,3,5,1,2,Unacceptable
2,4,3,5,1,3,Acceptable
2,4,3,5,2,1,Unacceptable
2,4,3,5,2,2,Acceptable
2,4,3,5,2,3,Acceptable
2,4,3,5,3,1,Unacceptable
2,4,3,5,3,2,Acceptable
2,4,3,5,3,3,Acceptable
2,4,4,2,1,1,Unacceptable
2,4,4,2,1,2,Unacceptable
2,4,4,2,1,3,Unacceptable
2,4,4,2,2,1,Unacceptable
2,4,4,2,2,2,Unacceptable
2,4,4,2,2,3,Unacceptable
2,4,4,2,3,1,Unacceptable
2,4,4,2,3,2,Unacceptable
2,4,4,2,3,3,Unacceptable
2,4,4,4,1,1,Unacceptable
2,4,4,4,1,2,Unacceptable
2,4,4,4,1,3,Acceptable
2,4,4,4,2,1,Unacceptable
2,4,4,4,2,2,Acceptable
2,4,4,4,2,3,Acceptable
2,4,4,4,3,1,Unacceptable
2,4,4,4,3,2,Acceptable
2,4,4,4,3,3,Acceptable
2,4,4,5,1,1,Unacceptable
2,4,4,5,1,2,Unacceptable
2,4,4,5,1,3,Acceptable
2,4,4,5,2,1,Unacceptable
2,4,4,5,2,2,Acceptable
2,4,4,5,2,3,Acceptable
2,4,4,5,3,1,Unacceptable
2,4,4,5,3,2,Acceptable
2,4,4,5,3,3,Acceptable
2,4,5,2,1,1,Unacceptable
2,4,5,2,1,2,Unacceptable
2,4,5,2,1,3,Unacceptable
2,4,5,2,2,1,Unacceptable
2,4,5,2,2,2,Unacceptable
2,4,5,2,2,3,Unacceptable
2,4,5,2,3,1,Unacceptable
2,4,5,2,3,2,Unacceptable
2,4,5,2,3,3,Unacceptable
2,4,5,4,1,1,Unacceptable
2,4,5,4,1,2,Unacceptable
2,4,5,4,1,3,Acceptable
2,4,5,4,2,1,Unacceptable
2,4,5,4,2,2,Acceptable
2,4,5,4,2,3,Acceptable
2,4,5,4,3,1,Unacceptable
2,4,5,4,3,2,Acceptable
2,4,5,4,3,3,Acceptable
2,4,5,5,1,1,Unacceptable
2,4,5,5,1,2,Unacceptable
2,4,5,5,1,3,Acceptable
2,4,5,5,2,1,Unacceptable
2,4,5,5,2,2,Acceptable
2,4,5,5,2,3,Acceptable
2,4,5,5,3,1,Unacceptable
2,4,5,5,3,2,Acceptable
2,4,5,5,3,3,Acceptable
2,3,2,2,1,1,Unacceptable
2,3,2,2,1,2,Unacceptable
2,3,2,2,1,3,Unacceptable
2,3,2,2,2,1,Unacceptable
2,3,2,2,2,2,Unacceptable
2,3,2,2,2,3,Unacceptable
2,3,2,2,3,1,Unacceptable
2,3,2,2,3,2,Unacceptable
2,3,2,2,3,3,Unacceptable
2,3,2,4,1,1,Unacceptable
2,3,2,4,1,2,Unacceptable
2,3,2,4,1,3,Acceptable
2,3,2,4,2,1,Unacceptable
2,3,2,4,2,2,Unacceptable
2,3,2,4,2,3,Acceptable
2,3,2,4,3,1,Unacceptable
2,3,2,4,3,2,Acceptable
2,3,2,4,3,3,Acceptable
2,3,2,5,1,1,Unacceptable
2,3,2,5,1,2,Unacceptable
2,3,2,5,1,3,Unacceptable
2,3,2,5,2,1,Unacceptable
2,3,2,5,2,2,Unacceptable
2,3,2,5,2,3,Acceptable
2,3,2,5,3,1,Unacceptable
2,3,2,5,3,2,Acceptable
2,3,2,5,3,3,Acceptable
2,3,3,2,1,1,Unacceptable
2,3,3,2,1,2,Unacceptable
2,3,3,2,1,3,Unacceptable
2,3,3,2,2,1,Unacceptable
2,3,3,2,2,2,Unacceptable
2,3,3,2,2,3,Unacceptable
2,3,3,2,3,1,Unacceptable
2,3,3,2,3,2,Unacceptable
2,3,3,2,3,3,Unacceptable
2,3,3,4,1,1,Unacceptable
2,3,3,4,1,2,Unacceptable
2,3,3,4,1,3,Acceptable
2,3,3,4,2,1,Unacceptable
2,3,3,4,2,2,Unacceptable
2,3,3,4,2,3,Acceptable
2,3,3,4,3,1,Unacceptable
2,3,3,4,3,2,Acceptable
2,3,3,4,3,3,Acceptable
2,3,3,5,1,1,Unacceptable
2,3,3,5,1,2,Unacceptable
2,3,3,5,1,3,Acceptable
2,3,3,5,2,1,Unacceptable
2,3,3,5,2,2,Acceptable
2,3,3,5,2,3,Acceptable
2,3,3,5,3,1,Unacceptable
2,3,3,5,3,2,Acceptable
2,3,3,5,3,3,Acceptable
2,3,4,2,1,1,Unacceptable
2,3,4,2,1,2,Unacceptable
2,3,4,2,1,3,Unacceptable
2,3,4,2,2,1,Unacceptable
2,3,4,2,2,2,Unacceptable
2,3,4,2,2,3,Unacceptable
2,3,4,2,3,1,Unacceptable
2,3,4,2,3,2,Unacceptable
2,3,4,2,3,3,Unacceptable
2,3,4,4,1,1,Unacceptable
2,3,4,4,1,2,Unacceptable
2,3,4,4,1,3,Acceptable
2,3,4,4,2,1,Unacceptable
2,3,4,4,2,2,Acceptable
2,3,4,4,2,3,Acceptable
2,3,4,4,3,1,Unacceptable
2,3,4,4,3,2,Acceptable
2,3,4,4,3,3,Acceptable
2,3,4,5,1,1,Unacceptable
2,3,4,5,1,2,Unacceptable
2,3,4,5,1,3,Acceptable
2,3,4,5,2,1,Unacceptable
2,3,4,5,2,2,Acceptable
2,3,4,5,2,3,Acceptable
2,3,4,5,3,1,Unacceptable
2,3,4,5,3,2,Acceptable
2,3,4,5,3,3,Acceptable
2,3,5,2,1,1,Unacceptable
2,3,5,2,1,2,Unacceptable
2,3,5,2,1,3,Unacceptable
2,3,5,2,2,1,Unacceptable
2,3,5,2,2,2,Unacceptable
2,3,5,2,2,3,Unacceptable
2,3,5,2,3,1,Unacceptable
2,3,5,2,3,2,Unacceptable
2,3,5,2,3,3,Unacceptable
2,3,5,4,1,1,Unacceptable
2,3,5,4,1,2,Unacceptable
2,3,5,4,1,3,Acceptable
2,3,5,4,2,1,Unacceptable
2,3,5,4,2,2,Acceptable
2,3,5,4,2,3,Acceptable
2,3,5,4,3,1,Unacceptable
2,3,5,4,3,2,Acceptable
2,3,5,4,3,3,Acceptable
2,3,5,5,1,1,Unacceptable
2,3,5,5,1,2,Unacceptable
2,3,5,5,1,3,Acceptable
2,3,5,5,2,1,Unacceptable
2,3,5,5,2,2,Acceptable
2,3,5,5,2,3,Acceptable
2,3,5,5,3,1,Unacceptable
2,3,5,5,3,2,Acceptable
2,3,5,5,3,3,Acceptable
2,2,2,2,1,1,Unacceptable
2,2,2,2,1,2,Unacceptable
2,2,2,2,1,3,Unacceptable
2,2,2,2,2,1,Unacceptable
2,2,2,2,2,2,Unacceptable
2,2,2,2,2,3,Unacceptable
2,2,2,2,3,1,Unacceptable
2,2,2,2,3,2,Unacceptable
2,2,2,2,3,3,Unacceptable
2,2,2,4,1,1,Unacceptable
2,2,2,4,1,2,Acceptable
2,2,2,4,1,3,Acceptable
2,2,2,4,2,1,Unacceptable
2,2,2,4,2,2,Acceptable
2,2,2,4,2,3,Acceptable
2,2,2,4,3,1,Unacceptable
2,2,2,4,3,2,Acceptable
2,2,2,4,3,3,Very-Good
2,2,2,5,1,1,Unacceptable
2,2,2,5,1,2,Unacceptable
2,2,2,5,1,3,Unacceptable
2,2,2,5,2,1,Unacceptable
2,2,2,5,2,2,Acceptable
2,2,2,5,2,3,Acceptable
2,2,2,5,3,1,Unacceptable
2,2,2,5,3,2,Acceptable
2,2,2,5,3,3,Very-Good
2,2,3,2,1,1,Unacceptable
2,2,3,2,1,2,Unacceptable
2,2,3,2,1,3,Unacceptable
2,2,3,2,2,1,Unacceptable
2,2,3,2,2,2,Unacceptable
2,2,3,2,2,3,Unacceptable
2,2,3,2,3,1,Unacceptable
2,2,3,2,3,2,Unacceptable
2,2,3,2,3,3,Unacceptable
2,2,3,4,1,1,Unacceptable
2,2,3,4,1,2,Acceptable
2,2,3,4,1,3,Acceptable
2,2,3,4,2,1,Unacceptable
2,2,3,4,2,2,Acceptable
2,2,3,4,2,3,Acceptable
2,2,3,4,3,1,Unacceptable
2,2,3,4,3,2,Acceptable
2,2,3,4,3,3,Very-Good
2,2,3,5,1,1,Unacceptable
2,2,3,5,1,2,Acceptable
2,2,3,5,1,3,Acceptable
2,2,3,5,2,1,Unacceptable
2,2,3,5,2,2,Acceptable
2,2,3,5,2,3,Very-Good
2,2,3,5,3,1,Unacceptable
2,2,3,5,3,2,Acceptable
2,2,3,5,3,3,Very-Good
2,2,4,2,1,1,Unacceptable
2,2,4,2,1,2,Unacceptable
2,2,4,2,1,3,Unacceptable
2,2,4,2,2,1,Unacceptable
2,2,4,2,2,2,Unacceptable
2,2,4,2,2,3,Unacceptable
2,2,4,2,3,1,Unacceptable
2,2,4,2,3,2,Unacceptable
2,2,4,2,3,3,Unacceptable
2,2,4,4,1,1,Unacceptable
2,2,4,4,1,2,Acceptable
2,2,4,4,1,3,Acceptable
2,2,4,4,2,1,Unacceptable
2,2,4,4,2,2,Acceptable
2,2,4,4,2,3,Very-Good
2,2,4,4,3,1,Unacceptable
2,2,4,4,3,2,Acceptable
2,2,4,4,3,3,Very-Good
2,2,4,5,1,1,Unacceptable
2,2,4,5,1,2,Acceptable
2,2,4,5,1,3,Acceptable
2,2,4,5,2,1,Unacceptable
2,2,4,5,2,2,Acceptable
2,2,4,5,2,3,Very-Good
2,2,4,5,3,1,Unacceptable
2,2,4,5,3,2,Acceptable
2,2,4,5,3,3,Very-Good
2,2,5,2,1,1,Unacceptable
2,2,5,2,1,2,Unacceptable
2,2,5,2,1,3,Unacceptable
2,2,5,2,2,1,Unacceptable
2,2,5,2,2,2,Unacceptable
2,2,5,2,2,3,Unacceptable
2,2,5,2,3,1,Unacceptable
2,2,5,2,3,2,Unacceptable
2,2,5,2,3,3,Unacceptable
2,2,5,4,1,1,Unacceptable
2,2,5,4,1,2,Acceptable
2,2,5,4,1,3,Acceptable
2,2,5,4,2,1,Unacceptable
2,2,5,4,2,2,Acceptable
2,2,5,4,2,3,Very-Good
2,2,5,4,3,1,Unacceptable
2,2,5,4,3,2,Acceptable
2,2,5,4,3,3,Very-Good
2,2,5,5,1,1,Unacceptable
2,2,5,5,1,2,Acceptable
2,2,5,5,1,3,Acceptable
2,2,5,5,2,1,Unacceptable
2,2,5,5,2,2,Acceptable
2,2,5,5,2,3,Very-Good
2,2,5,5,3,1,Unacceptable
2,2,5,5,3,2,Acceptable
2,2,5,5,3,3,Very-Good
2,1,2,2,1,1,Unacceptable
2,1,2,2,1,2,Unacceptable
2,1,2,2,1,3,Unacceptable
2,1,2,2,2,1,Unacceptable
2,1,2,2,2,2,Unacceptable
2,1,2,2,2,3,Unacceptable
2,1,2,2,3,1,Unacceptable
2,1,2,2,3,2,Unacceptable
2,1,2,2,3,3,Unacceptable
2,1,2,4,1,1,Unacceptable
2,1,2,4,1,2,Acceptable
2,1,2,4,1,3,Good
2,1,2,4,2,1,Unacceptable
2,1,2,4,2,2,Acceptable
2,1,2,4,2,3,Good
2,1,2,4,3,1,Unacceptable
2,1,2,4,3,2,Good
2,1,2,4,3,3,Very-Good
2,1,2,5,1,1,Unacceptable
2,1,2,5,1,2,Unacceptable
2,1,2,5,1,3,Unacceptable
2,1,2,5,2,1,Unacceptable
2,1,2,5,2,2,Acceptable
2,1,2,5,2,3,Good
2,1,2,5,3,1,Unacceptable
2,1,2,5,3,2,Good
2,1,2,5,3,3,Very-Good
2,1,3,2,1,1,Unacceptable
2,1,3,2,1,2,Unacceptable
2,1,3,2,1,3,Unacceptable
2,1,3,2,2,1,Unacceptable
2,1,3,2,2,2,Unacceptable
2,1,3,2,2,3,Unacceptable
2,1,3,2,3,1,Unacceptable
2,1,3,2,3,2,Unacceptable
2,1,3,2,3,3,Unacceptable
2,1,3,4,1,1,Unacceptable
2,1,3,4,1,2,Acceptable
2,1,3,4,1,3,Good
2,1,3,4,2,1,Unacceptable
2,1,3,4,2,2,Acceptable
2,1,3,4,2,3,Good
2,1,3,4,3,1,Unacceptable
2,1,3,4,3,2,Good
2,1,3,4,3,3,Very-Good
2,1,3,5,1,1,Unacceptable
2,1,3,5,1,2,Acceptable
2,1,3,5,1,3,Good
2,1,3,5,2,1,Unacceptable
2,1,3,5,2,2,Good
2,1,3,5,2,3,Very-Good
2,1,3,5,3,1,Unacceptable
2,1,3,5,3,2,Good
2,1,3,5,3,3,Very-Good
2,1,4,2,1,1,Unacceptable
2,1,4,2,1,2,Unacceptable
2,1,4,2,1,3,Unacceptable
2,1,4,2,2,1,Unacceptable
2,1,4,2,2,2,Unacceptable
2,1,4,2,2,3,Unacceptable
2,1,4,2,3,1,Unacceptable
2,1,4,2,3,2,Unacceptable
2,1,4,2,3,3,Unacceptable
2,1,4,4,1,1,Unacceptable
2,1,4,4,1,2,Acceptable
2,1,4,4,1,3,Good
2,1,4,4,2,1,Unacceptable
2,1,4,4,2,2,Good
2,1,4,4,2,3,Very-Good
2,1,4,4,3,1,Unacceptable
2,1,4,4,3,2,Good
2,1,4,4,3,3,Very-Good
2,1,4,5,1,1,Unacceptable
2,1,4,5,1,2,Acceptable
2,1,4,5,1,3,Good
2,1,4,5,2,1,Unacceptable
2,1,4,5,2,2,Good
2,1,4,5,2,3,Very-Good
2,1,4,5,3,1,Unacceptable
2,1,4,5,3,2,Good
2,1,4,5,3,3,Very-Good
2,1,5,2,1,1,Unacceptable
2,1,5,2,1,2,Unacceptable
2,1,5,2,1,3,Unacceptable
2,1,5,2,2,1,Unacceptable
2,1,5,2,2,2,Unacceptable
2,1,5,2,2,3,Unacceptable
2,1,5,2,3,1,Unacceptable
2,1,5,2,3,2,Unacceptable
2,1,5,2,3,3,Unacceptable
2,1,5,4,1,1,Unacceptable
2,1,5,4,1,2,Acceptable
2,1,5,4,1,3,Good
2,1,5,4,2,1,Unacceptable
2,1,5,4,2,2,Good
2,1,5,4,2,3,Very-Good
2,1,5,4,3,1,Unacceptable
2,1,5,4,3,2,Good
2,1,5,4,3,3,Very-Good
2,1,5,5,1,1,Unacceptable
2,1,5,5,1,2,Acceptable
2,1,5,5,1,3,Good
2,1,5,5,2,1,Unacceptable
2,1,5,5,2,2,Good
2,1,5,5,2,3,Very-Good
2,1,5,5,3,1,Unacceptable
2,1,5,5,3,2,Good
2,1,5,5,3,3,Very-Good
1,4,2,2,1,1,Unacceptable
1,4,2,2,1,2,Unacceptable
1,4,2,2,1,3,Unacceptable
1,4,2,2,2,1,Unacceptable
1,4,2,2,2,2,Unacceptable
1,4,2,2,2,3,Unacceptable
1,4,2,2,3,1,Unacceptable
1,4,2,2,3,2,Unacceptable
1,4,2,2,3,3,Unacceptable
1,4,2,4,1,1,Unacceptable
1,4,2,4,1,2,Unacceptable
1,4,2,4,1,3,Acceptable
1,4,2,4,2,1,Unacceptable
1,4,2,4,2,2,Unacceptable
1,4,2,4,2,3,Acceptable
1,4,2,4,3,1,Unacceptable
1,4,2,4,3,2,Acceptable
1,4,2,4,3,3,Acceptable
1,4,2,5,1,1,Unacceptable
1,4,2,5,1,2,Unacceptable
1,4,2,5,1,3,Unacceptable
1,4,2,5,2,1,Unacceptable
1,4,2,5,2,2,Unacceptable
1,4,2,5,2,3,Acceptable
1,4,2,5,3,1,Unacceptable
1,4,2,5,3,2,Acceptable
1,4,2,5,3,3,Acceptable
1,4,3,2,1,1,Unacceptable
1,4,3,2,1,2,Unacceptable
1,4,3,2,1,3,Unacceptable
1,4,3,2,2,1,Unacceptable
1,4,3,2,2,2,Unacceptable
1,4,3,2,2,3,Unacceptable
1,4,3,2,3,1,Unacceptable
1,4,3,2,3,2,Unacceptable
1,4,3,2,3,3,Unacceptable
1,4,3,4,1,1,Unacceptable
1,4,3,4,1,2,Unacceptable
1,4,3,4,1,3,Acceptable
1,4,3,4,2,1,Unacceptable
1,4,3,4,2,2,Unacceptable
1,4,3,4,2,3,Acceptable
1,4,3,4,3,1,Unacceptable
1,4,3,4,3,2,Acceptable
1,4,3,4,3,3,Acceptable
1,4,3,5,1,1,Unacceptable
1,4,3,5,1,2,Unacceptable
1,4,3,5,1,3,Acceptable
1,4,3,5,2,1,Unacceptable
1,4,3,5,2,2,Acceptable
1,4,3,5,2,3,Acceptable
1,4,3,5,3,1,Unacceptable
1,4,3,5,3,2,Acceptable
1,4,3,5,3,3,Acceptable
1,4,4,2,1,1,Unacceptable
1,4,4,2,1,2,Unacceptable
1,4,4,2,1,3,Unacceptable
1,4,4,2,2,1,Unacceptable
1,4,4,2,2,2,Unacceptable
1,4,4,2,2,3,Unacceptable
1,4,4,2,3,1,Unacceptable
1,4,4,2,3,2,Unacceptable
1,4,4,2,3,3,Unacceptable
1,4,4,4,1,1,Unacceptable
1,4,4,4,1,2,Unacceptable
1,4,4,4,1,3,Acceptable
1,4,4,4,2,1,Unacceptable
1,4,4,4,2,2,Acceptable
1,4,4,4,2,3,Acceptable
1,4,4,4,3,1,Unacceptable
1,4,4,4,3,2,Acceptable
1,4,4,4,3,3,Acceptable
1,4,4,5,1,1,Unacceptable
1,4,4,5,1,2,Unacceptable
1,4,4,5,1,3,Acceptable
1,4,4,5,2,1,Unacceptable
1,4,4,5,2,2,Acceptable
1,4,4,5,2,3,Acceptable
1,4,4,5,3,1,Unacceptable
1,4,4,5,3,2,Acceptable
1,4,4,5,3,3,Acceptable
1,4,5,2,1,1,Unacceptable
1,4,5,2,1,2,Unacceptable
1,4,5,2,1,3,Unacceptable
1,4,5,2,2,1,Unacceptable
1,4,5,2,2,2,Unacceptable
1,4,5,2,2,3,Unacceptable
1,4,5,2,3,1,Unacceptable
1,4,5,2,3,2,Unacceptable
1,4,5,2,3,3,Unacceptable
1,4,5,4,1,1,Unacceptable
1,4,5,4,1,2,Unacceptable
1,4,5,4,1,3,Acceptable
1,4,5,4,2,1,Unacceptable
1,4,5,4,2,2,Acceptable
1,4,5,4,2,3,Acceptable
1,4,5,4,3,1,Unacceptable
1,4,5,4,3,2,Acceptable
1,4,5,4,3,3,Acceptable
1,4,5,5,1,1,Unacceptable
1,4,5,5,1,2,Unacceptable
1,4,5,5,1,3,Acceptable
1,4,5,5,2,1,Unacceptable
1,4,5,5,2,2,Acceptable
1,4,5,5,2,3,Acceptable
1,4,5,5,3,1,Unacceptable
1,4,5,5,3,2,Acceptable
1,4,5,5,3,3,Acceptable
1,3,2,2,1,1,Unacceptable
1,3,2,2,1,2,Unacceptable
1,3,2,2,1,3,Unacceptable
1,3,2,2,2,1,Unacceptable
1,3,2,2,2,2,Unacceptable
1,3,2,2,2,3,Unacceptable
1,3,2,2,3,1,Unacceptable
1,3,2,2,3,2,Unacceptable
1,3,2,2,3,3,Unacceptable
1,3,2,4,1,1,Unacceptable
1,3,2,4,1,2,Acceptable
1,3,2,4,1,3,Acceptable
1,3,2,4,2,1,Unacceptable
1,3,2,4,2,2,Acceptable
1,3,2,4,2,3,Acceptable
1,3,2,4,3,1,Unacceptable
1,3,2,4,3,2,Acceptable
1,3,2,4,3,3,Very-Good
1,3,2,5,1,1,Unacceptable
1,3,2,5,1,2,Unacceptable
1,3,2,5,1,3,Unacceptable
1,3,2,5,2,1,Unacceptable
1,3,2,5,2,2,Acceptable
1,3,2,5,2,3,Acceptable
1,3,2,5,3,1,Unacceptable
1,3,2,5,3,2,Acceptable
1,3,2,5,3,3,Very-Good
1,3,3,2,1,1,Unacceptable
1,3,3,2,1,2,Unacceptable
1,3,3,2,1,3,Unacceptable
1,3,3,2,2,1,Unacceptable
1,3,3,2,2,2,Unacceptable
1,3,3,2,2,3,Unacceptable
1,3,3,2,3,1,Unacceptable
1,3,3,2,3,2,Unacceptable
1,3,3,2,3,3,Unacceptable
1,3,3,4,1,1,Unacceptable
1,3,3,4,1,2,Acceptable
1,3,3,4,1,3,Acceptable
1,3,3,4,2,1,Unacceptable
1,3,3,4,2,2,Acceptable
1,3,3,4,2,3,Acceptable
1,3,3,4,3,1,Unacceptable
1,3,3,4,3,2,Acceptable
1,3,3,4,3,3,Very-Good
1,3,3,5,1,1,Unacceptable
1,3,3,5,1,2,Acceptable
1,3,3,5,1,3,Acceptable
1,3,3,5,2,1,Unacceptable
1,3,3,5,2,2,Acceptable
1,3,3,5,2,3,Very-Good
1,3,3,5,3,1,Unacceptable
1,3,3,5,3,2,Acceptable
1,3,3,5,3,3,Very-Good
1,3,4,2,1,1,Unacceptable
1,3,4,2,1,2,Unacceptable
1,3,4,2,1,3,Unacceptable
1,3,4,2,2,1,Unacceptable
1,3,4,2,2,2,Unacceptable
1,3,4,2,2,3,Unacceptable
1,3,4,2,3,1,Unacceptable
1,3,4,2,3,2,Unacceptable
1,3,4,2,3,3,Unacceptable
1,3,4,4,1,1,Unacceptable
1,3,4,4,1,2,Acceptable
1,3,4,4,1,3,Acceptable
1,3,4,4,2,1,Unacceptable
1,3,4,4,2,2,Acceptable
1,3,4,4,2,3,Very-Good
1,3,4,4,3,1,Unacceptable
1,3,4,4,3,2,Acceptable
1,3,4,4,3,3,Very-Good
1,3,4,5,1,1,Unacceptable
1,3,4,5,1,2,Acceptable
1,3,4,5,1,3,Acceptable
1,3,4,5,2,1,Unacceptable
1,3,4,5,2,2,Acceptable
1,3,4,5,2,3,Very-Good
1,3,4,5,3,1,Unacceptable
1,3,4,5,3,2,Acceptable
1,3,4,5,3,3,Very-Good
1,3,5,2,1,1,Unacceptable
1,3,5,2,1,2,Unacceptable
1,3,5,2,1,3,Unacceptable
1,3,5,2,2,1,Unacceptable
1,3,5,2,2,2,Unacceptable
1,3,5,2,2,3,Unacceptable
1,3,5,2,3,1,Unacceptable
1,3,5,2,3,2,Unacceptable
1,3,5,2,3,3,Unacceptable
1,3,5,4,1,1,Unacceptable
1,3,5,4,1,2,Acceptable
1,3,5,4,1,3,Acceptable
1,3,5,4,2,1,Unacceptable
1,3,5,4,2,2,Acceptable
1,3,5,4,2,3,Very-Good
1,3,5,4,3,1,Unacceptable
1,3,5,4,3,2,Acceptable
1,3,5,4,3,3,Very-Good
1,3,5,5,1,1,Unacceptable
1,3,5,5,1,2,Acceptable
1,3,5,5,1,3,Acceptable
1,3,5,5,2,1,Unacceptable
1,3,5,5,2,2,Acceptable
1,3,5,5,2,3,Very-Good
1,3,5,5,3,1,Unacceptable
1,3,5,5,3,2,Acceptable
1,3,5,5,3,3,Very-Good
1,2,2,2,1,1,Unacceptable
1,2,2,2,1,2,Unacceptable
1,2,2,2,1,3,Unacceptable
1,2,2,2,2,1,Unacceptable
1,2,2,2,2,2,Unacceptable
1,2,2,2,2,3,Unacceptable
1,2,2,2,3,1,Unacceptable
1,2,2,2,3,2,Unacceptable
1,2,2,2,3,3,Unacceptable
1,2,2,4,1,1,Unacceptable
1,2,2,4,1,2,Acceptable
1,2,2,4,1,3,Good
1,2,2,4,2,1,Unacceptable
1,2,2,4,2,2,Acceptable
1,2,2,4,2,3,Good
1,2,2,4,3,1,Unacceptable
1,2,2,4,3,2,Good
1,2,2,4,3,3,Very-Good
1,2,2,5,1,1,Unacceptable
1,2,2,5,1,2,Unacceptable
1,2,2,5,1,3,Unacceptable
1,2,2,5,2,1,Unacceptable
1,2,2,5,2,2,Acceptable
1,2,2,5,2,3,Good
1,2,2,5,3,1,Unacceptable
1,2,2,5,3,2,Good
1,2,2,5,3,3,Very-Good
1,2,3,2,1,1,Unacceptable
1,2,3,2,1,2,Unacceptable
1,2,3,2,1,3,Unacceptable
1,2,3,2,2,1,Unacceptable
1,2,3,2,2,2,Unacceptable
1,2,3,2,2,3,Unacceptable
1,2,3,2,3,1,Unacceptable
1,2,3,2,3,2,Unacceptable
1,2,3,2,3,3,Unacceptable
1,2,3,4,1,1,Unacceptable
1,2,3,4,1,2,Acceptable
1,2,3,4,1,3,Good
1,2,3,4,2,1,Unacceptable
1,2,3,4,2,2,Acceptable
1,2,3,4,2,3,Good
1,2,3,4,3,1,Unacceptable
1,2,3,4,3,2,Good
1,2,3,4,3,3,Very-Good
1,2,3,5,1,1,Unacceptable
1,2,3,5,1,2,Acceptable
1,2,3,5,1,3,Good
1,2,3,5,2,1,Unacceptable
1,2,3,5,2,2,Good
1,2,3,5,2,3,Very-Good
1,2,3,5,3,1,Unacceptable
1,2,3,5,3,2,Good
1,2,3,5,3,3,Very-Good
1,2,4,2,1,1,Unacceptable
1,2,4,2,1,2,Unacceptable
1,2,4,2,1,3,Unacceptable
1,2,4,2,2,1,Unacceptable
1,2,4,2,2,2,Unacceptable
1,2,4,2,2,3,Unacceptable
1,2,4,2,3,1,Unacceptable
1,2,4,2,3,2,Unacceptable
1,2,4,2,3,3,Unacceptable
1,2,4,4,1,1,Unacceptable
1,2,4,4,1,2,Acceptable
1,2,4,4,1,3,Good
1,2,4,4,2,1,Unacceptable
1,2,4,4,2,2,Good
1,2,4,4,2,3,Very-Good
1,2,4,4,3,1,Unacceptable
1,2,4,4,3,2,Good
1,2,4,4,3,3,Very-Good
1,2,4,5,1,1,Unacceptable
1,2,4,5,1,2,Acceptable
1,2,4,5,1,3,Good
1,2,4,5,2,1,Unacceptable
1,2,4,5,2,2,Good
1,2,4,5,2,3,Very-Good
1,2,4,5,3,1,Unacceptable
1,2,4,5,3,2,Good
1,2,4,5,3,3,Very-Good
1,2,5,2,1,1,Unacceptable
1,2,5,2,1,2,Unacceptable
1,2,5,2,1,3,Unacceptable
1,2,5,2,2,1,Unacceptable
1,2,5,2,2,2,Unacceptable
1,2,5,2,2,3,Unacceptable
1,2,5,2,3,1,Unacceptable
1,2,5,2,3,2,Unacceptable
1,2,5,2,3,3,Unacceptable
1,2,5,4,1,1,Unacceptable
1,2,5,4,1,2,Acceptable
1,2,5,4,1,3,Good
1,2,5,4,2,1,Unacceptable
1,2,5,4,2,2,Good
1,2,5,4,2,3,Very-Good
1,2,5,4,3,1,Unacceptable
1,2,5,4,3,2,Good
1,2,5,4,3,3,Very-Good
1,2,5,5,1,1,Unacceptable
1,2,5,5,1,2,Acceptable
1,2,5,5,1,3,Good
1,2,5,5,2,1,Unacceptable
1,2,5,5,2,2,Good
1,2,5,5,2,3,Very-Good
1,2,5,5,3,1,Unacceptable
1,2,5,5,3,2,Good
1,2,5,5,3,3,Very-Good
1,1,2,2,1,1,Unacceptable
1,1,2,2,1,2,Unacceptable
1,1,2,2,1,3,Unacceptable
1,1,2,2,2,1,Unacceptable
1,1,2,2,2,2,Unacceptable
1,1,2,2,2,3,Unacceptable
1,1,2,2,3,1,Unacceptable
1,1,2,2,3,2,Unacceptable
1,1,2,2,3,3,Unacceptable
1,1,2,4,1,1,Unacceptable
1,1,2,4,1,2,Acceptable
1,1,2,4,1,3,Good
1,1,2,4,2,1,Unacceptable
1,1,2,4,2,2,Acceptable
1,1,2,4,2,3,Good
1,1,2,4,3,1,Unacceptable
1,1,2,4,3,2,Good
1,1,2,4,3,3,Very-Good
1,1,2,5,1,1,Unacceptable
1,1,2,5,1,2,Unacceptable
1,1,2,5,1,3,Unacceptable
1,1,2,5,2,1,Unacceptable
1,1,2,5,2,2,Acceptable
1,1,2,5,2,3,Good
1,1,2,5,3,1,Unacceptable
1,1,2,5,3,2,Good
1,1,2,5,3,3,Very-Good
1,1,3,2,1,1,Unacceptable
1,1,3,2,1,2,Unacceptable
1,1,3,2,1,3,Unacceptable
1,1,3,2,2,1,Unacceptable
1,1,3,2,2,2,Unacceptable
1,1,3,2,2,3,Unacceptable
1,1,3,2,3,1,Unacceptable
1,1,3,2,3,2,Unacceptable
1,1,3,2,3,3,Unacceptable
1,1,3,4,1,1,Unacceptable
1,1,3,4,1,2,Acceptable
1,1,3,4,1,3,Good
1,1,3,4,2,1,Unacceptable
1,1,3,4,2,2,Acceptable
1,1,3,4,2,3,Good
1,1,3,4,3,1,Unacceptable
1,1,3,4,3,2,Good
1,1,3,4,3,3,Very-Good
1,1,3,5,1,1,Unacceptable
1,1,3,5,1,2,Acceptable
1,1,3,5,1,3,Good
1,1,3,5,2,1,Unacceptable
1,1,3,5,2,2,Good
1,1,3,5,2,3,Very-Good
1,1,3,5,3,1,Unacceptable
1,1,3,5,3,2,Good
1,1,3,5,3,3,Very-Good
1,1,4,2,1,1,Unacceptable
1,1,4,2,1,2,Unacceptable
1,1,4,2,1,3,Unacceptable
1,1,4,2,2,1,Unacceptable
1,1,4,2,2,2,Unacceptable
1,1,4,2,2,3,Unacceptable
1,1,4,2,3,1,Unacceptable
1,1,4,2,3,2,Unacceptable
1,1,4,2,3,3,Unacceptable
1,1,4,4,1,1,Unacceptable
1,1,4,4,1,2,Acceptable
1,1,4,4,1,3,Good
1,1,4,4,2,1,Unacceptable
1,1,4,4,2,2,Good
1,1,4,4,2,3,Very-Good
1,1,4,4,3,1,Unacceptable
1,1,4,4,3,2,Good
1,1,4,4,3,3,Very-Good
1,1,4,5,1,1,Unacceptable
1,1,4,5,1,2,Acceptable
1,1,4,5,1,3,Good
1,1,4,5,2,1,Unacceptable
1,1,4,5,2,2,Good
1,1,4,5,2,3,Very-Good
1,1,4,5,3,1,Unacceptable
1,1,4,5,3,2,Good
1,1,4,5,3,3,Very-Good
1,1,5,2,1,1,Unacceptable
1,1,5,2,1,2,Unacceptable
1,1,5,2,1,3,Unacceptable
1,1,5,2,2,1,Unacceptable
1,1,5,2,2,2,Unacceptable
1,1,5,2,2,3,Unacceptable
1,1,5,2,3,1,Unacceptable
1,1,5,2,3,2,Unacceptable
1,1,5,2,3,3,Unacceptable
1,1,5,4,1,1,Unacceptable
1,1,5,4,1,2,Acceptable
1,1,5,4,1,3,Good
1,1,5,4,2,1,Unacceptable
1,1,5,4,2,2,Good
1,1,5,4,2,3,Very-Good
1,1,5,4,3,1,Unacceptable
1,1,5,4,3,2,Good
1,1,5,4,3,3,Very-Good
1,1,5,5,1,1,Unacceptable
1,1,5,5,1,2,Acceptable
1,1,5,5,1,3,Good
1,1,5,5,2,1,Unacceptable
1,1,5,5,2,2,Good
1,1,5,5,2,3,Very-Good
1,1,5,5,3,1,Unacceptable
1,1,5,5,3,2,Good
1,1,5,5,3,3,Very-Good
